date,open,close,high,low,volume,money
2014-01-23,1.17,1.41,1.41,1.17,83220960.0,116329120.0
2014-01-24,1.55,1.55,1.55,1.55,79806354.0,123951528.0
2014-01-27,1.66,1.71,1.71,1.64,191607005.0,324416672.0
2014-01-28,1.75,1.82,1.85,1.72,265505301.0,472824864.0
2014-01-29,1.79,1.75,1.82,1.68,163856981.0,288245984.0
2014-01-30,1.74,1.82,1.93,1.72,147215758.0,267498224.0
2014-02-07,1.78,2.0,2.0,1.77,182250808.0,350584960.0
2014-02-10,2.0,2.09,2.19,1.96,179545709.0,370726080.0
2014-02-11,2.06,2.27,2.28,2.04,171143188.0,368546720.0
2014-02-12,2.28,2.26,2.43,2.19,179272430.0,411006336.0
2014-02-13,2.23,2.32,2.43,2.19,156852283.0,361927680.0
2014-02-14,2.28,2.41,2.41,2.25,140168960.0,331034848.0
2014-02-17,2.55,2.47,2.58,2.36,135462243.0,333497856.0
2014-02-18,2.44,2.45,2.58,2.41,131797824.0,326875200.0
2014-02-19,2.49,2.34,2.49,2.24,101441672.0,237730080.0
2014-02-20,2.29,2.34,2.41,2.24,70109082.0,163718000.0
2014-02-21,2.31,2.33,2.34,2.25,55782186.0,127990448.0
2014-02-24,2.34,2.42,2.42,2.31,66284046.0,157607424.0
2014-02-25,2.43,2.21,2.53,2.18,99379897.0,234529792.0
2014-02-26,2.07,2.1,2.17,2.03,77171874.0,160470672.0
2014-02-27,2.11,2.28,2.3,2.09,146582713.0,328725152.0
2014-02-28,2.16,2.41,2.42,2.05,140394256.0,310879328.0
2014-03-03,2.39,2.61,2.65,2.36,163862795.0,414194688.0
2014-03-04,2.54,2.49,2.75,2.42,166723091.0,432112000.0
2014-03-05,2.48,2.59,2.72,2.48,153486418.0,399561376.0
2014-03-06,2.56,2.61,2.71,2.39,130737988.0,335282144.0
2014-03-07,2.66,2.52,2.78,2.49,140200696.0,371897536.0
2014-03-10,2.34,2.28,2.42,2.27,102894892.0,241080720.0
2014-03-11,2.39,2.16,2.39,2.09,79541782.0,176075744.0
2014-03-12,2.16,2.11,2.2,1.99,85012475.0,176898960.0
2014-03-13,2.08,2.07,2.1,2.03,59617628.0,122976640.0
2014-03-14,2.04,2.08,2.11,2.04,54003001.0,112203024.0
2014-03-17,2.05,2.17,2.18,2.04,64588946.0,137793232.0
2014-03-18,2.16,2.12,2.21,2.12,71866137.0,155321040.0
2014-03-19,2.11,2.06,2.11,2.03,53244023.0,109640704.0
2014-03-20,2.05,1.95,2.07,1.95,47504783.0,95466800.0
2014-03-21,1.93,1.99,2.02,1.91,36028971.0,70612768.0
2014-03-24,1.97,1.89,2.01,1.86,45645738.0,88615072.0
2014-03-25,1.87,1.88,1.9,1.86,34651173.0,65064860.0
2014-03-26,1.88,1.88,1.92,1.87,29864218.0,56440428.0
2014-03-27,1.87,1.76,1.87,1.76,43849617.0,79189616.0
2014-03-28,1.76,1.83,1.85,1.71,60140020.0,107959352.0
2014-03-31,1.79,1.74,1.83,1.72,32561285.0,57853996.0
2014-04-01,1.75,1.84,1.84,1.74,41620583.0,75177856.0
2014-04-02,1.83,1.9,1.92,1.78,60821427.0,112305344.0
2014-04-03,1.85,1.89,1.95,1.85,58914469.0,112426424.0
2014-04-04,1.87,1.86,1.89,1.85,29957937.0,55982188.0
2014-04-08,1.85,1.9,1.91,1.83,36876107.0,69412640.0
2014-04-09,1.89,1.98,2.05,1.88,59363292.0,115341504.0
2014-04-10,1.96,1.94,2.03,1.94,55017058.0,108980728.0
2014-04-11,1.93,1.87,1.93,1.86,34889262.0,66015408.0
2014-04-14,1.87,1.87,1.9,1.87,17734719.0,33308882.0
2014-04-15,1.87,1.84,1.88,1.82,21265216.0,39284744.0
2014-04-16,1.82,1.85,1.87,1.81,19906362.0,36718596.0
2014-04-17,1.84,1.87,1.89,1.84,23418604.0,43940204.0
2014-04-18,1.84,1.83,1.85,1.82,22207335.0,40742372.0
2014-04-21,1.83,1.86,1.91,1.79,37059262.0,69483952.0
2014-04-22,1.85,1.82,1.89,1.78,23078708.0,42237416.0
2014-04-23,1.83,1.82,1.86,1.81,14600007.0,26693996.0
2014-04-24,1.82,1.75,1.83,1.74,22973586.0,40738204.0
2014-04-25,1.73,1.71,1.76,1.71,13992617.0,24349962.0
2014-04-28,1.68,1.54,1.68,1.54,33025583.0,51826368.0
2014-04-29,1.51,1.56,1.57,1.5,22932231.0,35372320.0
2014-04-30,1.55,1.62,1.63,1.53,32102843.0,50823040.0
2014-05-05,1.6,1.64,1.66,1.58,32776963.0,53307548.0
2014-05-06,1.63,1.7,1.73,1.62,38552067.0,65116672.0
2014-05-07,1.7,1.86,1.87,1.66,95168821.0,172820960.0
2014-05-08,1.82,1.78,1.85,1.77,73349534.0,132867608.0
2014-05-09,1.78,1.78,1.87,1.77,60224063.0,110051688.0
2014-05-12,1.78,1.82,1.84,1.69,54335117.0,96836096.0
2014-05-13,1.8,1.76,1.84,1.75,35818111.0,64100980.0
2014-05-14,1.74,1.81,1.83,1.73,34512856.0,61545408.0
2014-05-15,1.79,1.82,1.87,1.79,60537602.0,111068216.0
2014-05-16,1.81,1.89,1.94,1.78,86086831.0,160598528.0
2014-05-19,1.86,1.86,1.89,1.8,55259725.0,101862312.0
2014-05-20,1.89,1.86,1.96,1.84,67356028.0,128320152.0
2014-05-21,1.83,1.83,1.84,1.79,38033776.0,69115336.0
2014-05-22,1.82,1.8,1.87,1.8,34142965.0,62724796.0
2014-05-23,1.78,1.82,1.83,1.78,24009157.0,43450860.0
2014-05-26,1.87,1.85,1.89,1.83,33228580.0,61565144.0
2014-05-27,1.84,1.83,1.87,1.83,25990202.0,47884900.0
2014-05-28,1.83,1.85,1.86,1.82,30509270.0,56205664.0
2014-05-29,1.85,1.89,1.91,1.85,60513337.0,113794136.0
2014-05-30,1.89,1.84,1.89,1.8,40301511.0,74189848.0
2014-06-03,1.83,1.81,1.84,1.8,20673933.0,37562056.0
2014-06-04,1.81,1.81,1.84,1.79,17871169.0,32364700.0
2014-06-05,1.81,1.78,1.81,1.74,32816773.0,58063328.0
2014-06-06,1.78,1.76,1.8,1.75,18797813.0,33337184.0
2014-06-09,1.75,1.73,1.78,1.73,15101882.0,26466064.0
2014-06-10,1.74,1.78,1.79,1.73,20718798.0,36635792.0
2014-06-11,1.77,1.77,1.79,1.75,16545384.0,29226014.0
2014-06-12,1.77,1.76,1.78,1.76,13006616.0,22984340.0
2014-06-13,1.76,1.93,1.93,1.76,118597283.0,223762416.0
2014-06-16,1.96,1.99,1.99,1.91,120433874.0,235421056.0
2014-06-17,1.99,1.93,1.99,1.92,58427092.0,113713952.0
2014-06-18,1.91,1.93,1.96,1.91,42565102.0,82446520.0
2014-06-19,1.91,1.79,1.93,1.76,45050662.0,83085976.0
2014-06-20,1.79,1.85,1.85,1.77,32552049.0,59364520.0
2014-06-23,1.84,2.03,2.03,1.83,114552989.0,227881184.0
2014-06-24,2.09,2.16,2.23,2.05,178170673.0,378007616.0
2014-06-25,2.14,2.23,2.32,2.12,157748463.0,349736512.0
2014-06-26,2.23,2.32,2.36,2.19,142900164.0,328535360.0
2014-06-27,2.29,2.29,2.32,2.22,98311338.0,223349328.0
2014-06-30,2.28,2.22,2.28,2.2,76572884.0,169836048.0
2014-07-01,2.23,2.25,2.26,2.18,81759135.0,182396560.0
2014-07-02,2.24,2.19,2.24,2.15,62057023.0,135487872.0
2014-07-03,2.18,2.41,2.41,2.17,121682283.0,276340192.0
2014-07-04,2.4,2.33,2.4,2.32,85417584.0,201220320.0
2014-07-07,2.31,2.27,2.35,2.25,54498278.0,124486688.0
2014-07-08,2.26,2.33,2.35,2.21,68123632.0,155810224.0
2014-07-09,2.29,2.2,2.33,2.19,63544750.0,144030592.0
2014-07-10,2.21,2.17,2.26,2.17,37304340.0,82544544.0
2014-07-11,2.15,2.18,2.23,2.15,25302138.0,55618964.0
2014-07-14,2.18,2.27,2.29,2.16,46822740.0,105277072.0
2014-07-15,2.25,2.21,2.25,2.18,29378286.0,64829328.0
2014-07-16,2.25,2.28,2.32,2.23,50821780.0,115317176.0
2014-07-17,2.26,2.17,2.26,2.14,34912358.0,76341256.0
2014-07-18,2.15,2.14,2.21,2.13,22301979.0,48491868.0
2014-07-21,2.13,2.08,2.15,2.05,25026455.0,52238668.0
2014-07-22,2.1,2.2,2.23,2.09,38304337.0,83700368.0
2014-07-23,2.19,2.14,2.2,2.12,21895168.0,47362616.0
2014-07-24,2.12,2.07,2.15,2.05,24501275.0,51101320.0
2014-07-25,2.05,2.09,2.11,2.05,16472360.0,34330380.0
2014-07-28,2.1,2.15,2.17,2.08,29390458.0,62535120.0
2014-07-29,2.12,2.16,2.21,2.12,33871392.0,73544024.0
2014-07-30,2.17,2.15,2.17,2.08,23592651.0,50631488.0
2014-07-31,2.16,2.17,2.19,2.14,21804381.0,47217232.0
2014-08-01,2.15,2.09,2.17,2.08,23177828.0,49198448.0
2014-08-04,2.08,2.1,2.13,2.08,16234658.0,34038384.0
2014-08-05,2.1,2.13,2.14,2.08,18968905.0,40206972.0
2014-08-06,2.13,2.14,2.17,2.11,22895500.0,49046208.0
2014-08-07,2.15,2.16,2.19,2.14,30592814.0,66314152.0
2014-08-08,2.16,2.3,2.36,2.15,66674404.0,151785952.0
2014-08-11,2.31,2.53,2.53,2.31,118033508.0,293410400.0
2014-08-12,2.49,2.46,2.5,2.44,67758446.0,166688752.0
2014-08-13,2.44,2.43,2.48,2.38,50179501.0,121723424.0
2014-08-14,2.42,2.36,2.48,2.36,41273341.0,99733976.0
2014-08-15,2.39,2.38,2.41,2.35,28748304.0,68510168.0
2014-08-18,2.37,2.57,2.6,2.37,80502843.0,203456640.0
2014-08-19,2.53,2.63,2.7,2.48,72113934.0,185904960.0
2014-08-20,2.62,2.53,2.69,2.51,62395437.0,162121680.0
2014-08-21,2.54,2.53,2.57,2.49,28300776.0,71393872.0
2014-08-22,2.48,2.5,2.53,2.48,22412601.0,55988860.0
2014-08-25,2.51,2.44,2.53,2.42,22208860.0,54477960.0
2014-08-26,2.44,2.45,2.48,2.42,18536439.0,45335868.0
2014-08-27,2.45,2.39,2.46,2.38,17945374.0,43361852.0
2014-08-28,2.39,2.48,2.5,2.39,32586932.0,80672800.0
2014-08-29,2.47,2.47,2.49,2.42,15202514.0,37255404.0
2014-09-01,2.48,2.53,2.54,2.46,21089140.0,52765784.0
2014-09-02,2.53,2.61,2.64,2.53,48265966.0,125473728.0
2014-09-03,2.6,2.69,2.72,2.6,59493630.0,158585728.0
2014-09-04,2.7,2.73,2.74,2.67,57160666.0,155134176.0
2014-09-05,2.72,2.71,2.73,2.65,41065008.0,110728784.0
2014-09-09,2.71,2.66,2.71,2.65,53327747.0,142405200.0
2014-09-10,2.66,2.79,2.86,2.66,79047989.0,220200144.0
2014-09-11,2.79,2.79,2.79,2.79,0.0,0.0
2014-09-12,2.79,2.79,2.79,2.79,0.0,0.0
2014-09-15,2.79,2.79,2.79,2.79,0.0,0.0
2014-09-16,2.79,2.79,2.79,2.79,0.0,0.0
2014-09-17,2.79,2.79,2.79,2.79,0.0,0.0
2014-09-18,2.79,2.79,2.79,2.79,0.0,0.0
2014-09-19,2.79,2.79,2.79,2.79,0.0,0.0
2014-09-22,2.79,2.79,2.79,2.79,0.0,0.0
2014-09-23,2.79,2.79,2.79,2.79,0.0,0.0
2014-09-24,2.79,2.79,2.79,2.79,0.0,0.0
2014-09-25,2.79,2.79,2.79,2.79,0.0,0.0
2014-09-26,2.79,2.79,2.79,2.79,0.0,0.0
2014-09-29,2.79,2.79,2.79,2.79,0.0,0.0
2014-09-30,2.88,3.0,3.07,2.6,78486307.0,217266720.0
2014-10-08,2.91,2.94,3.07,2.89,43824311.0,130037832.0
2014-10-09,2.94,2.98,3.0,2.87,37720642.0,110628848.0
2014-10-10,2.96,2.93,2.98,2.91,23656302.0,69640024.0
2014-10-13,2.92,2.88,2.96,2.82,24838627.0,71475024.0
2014-10-14,2.87,2.84,2.95,2.83,21957661.0,63205172.0
2014-10-15,2.86,2.81,2.89,2.77,21350488.0,60036736.0
2014-10-16,2.81,2.8,2.89,2.78,22692025.0,64345500.0
2014-10-17,2.79,2.91,2.98,2.76,43674228.0,124693800.0
2014-10-20,2.88,2.94,2.96,2.87,28765543.0,84016184.0
2014-10-21,2.93,2.94,2.99,2.93,36931686.0,109265280.0
2014-10-22,2.86,2.72,2.9,2.71,43102007.0,121461256.0
2014-10-23,2.73,2.58,2.76,2.58,34618557.0,92285896.0
2014-10-24,2.59,2.58,2.63,2.55,28166550.0,72718480.0
2014-10-27,2.56,2.59,2.61,2.55,12261595.0,31762052.0
2014-10-28,2.61,2.68,2.7,2.6,27868212.0,74281984.0
2014-10-29,2.71,2.72,2.74,2.67,24764912.0,66980564.0
2014-10-30,2.71,2.67,2.75,2.67,21652008.0,58503672.0
2014-10-31,2.68,2.77,2.79,2.68,34831775.0,95801608.0
2014-11-03,2.77,2.82,2.83,2.76,28415474.0,79599200.0
2014-11-04,2.8,2.77,2.81,2.71,22543910.0,62207500.0
2014-11-05,2.77,2.74,2.78,2.72,11898042.0,32621272.0
2014-11-06,2.75,2.93,2.94,2.74,48268060.0,137875008.0
2014-11-07,2.94,2.84,2.96,2.8,36629830.0,105622200.0
2014-11-10,2.82,2.86,2.91,2.82,20399345.0,58455636.0
2014-11-11,2.84,2.7,2.89,2.65,31838246.0,87822632.0
2014-11-12,2.68,2.8,2.81,2.65,24791266.0,68445344.0
2014-11-13,2.76,2.64,2.77,2.63,37436081.0,100280984.0
2014-11-14,2.61,2.63,2.69,2.61,17509822.0,46432324.0
2014-11-17,2.63,2.68,2.7,2.62,13840736.0,37037256.0
2014-11-18,2.72,2.7,2.72,2.67,11682241.0,31407720.0
2014-11-19,2.7,2.71,2.72,2.65,15107637.0,40732836.0
2014-11-20,2.7,2.69,2.71,2.67,8985878.0,24115844.0
2014-11-21,2.69,2.77,2.83,2.69,23240656.0,64399156.0
2014-11-24,2.79,2.78,2.79,2.74,19067886.0,52877740.0
2014-11-25,2.77,2.79,2.82,2.76,25000296.0,69716784.0
2014-11-26,2.8,2.79,2.82,2.77,15883263.0,44177852.0
2014-11-27,2.8,2.82,2.87,2.79,28652548.0,80766288.0
2014-11-28,2.82,2.74,2.83,2.73,26133948.0,72331072.0
2014-12-01,2.72,2.66,2.72,2.61,27597735.0,73497160.0
2014-12-02,2.66,2.71,2.78,2.66,21382732.0,58360912.0
2014-12-03,2.71,2.73,2.74,2.65,19255909.0,51927380.0
2014-12-04,2.72,2.77,2.79,2.72,22292389.0,61481768.0
2014-12-05,2.74,2.63,2.74,2.6,27722707.0,73659352.0
2014-12-08,2.61,2.52,2.62,2.52,34137486.0,86847648.0
2014-12-09,2.54,2.38,2.56,2.37,32591985.0,79650464.0
2014-12-10,2.38,2.44,2.46,2.37,23438519.0,56764104.0
2014-12-11,2.43,2.44,2.46,2.41,16164711.0,39324252.0
2014-12-12,2.46,2.44,2.46,2.42,21196300.0,51552388.0
2014-12-15,2.45,2.53,2.54,2.44,28908173.0,72087536.0
2014-12-16,2.53,2.48,2.53,2.47,19294854.0,48058320.0
2014-12-17,2.48,2.54,2.55,2.43,28464441.0,70800512.0
2014-12-18,2.55,2.48,2.55,2.47,13709832.0,34342088.0
2014-12-19,2.47,2.4,2.49,2.39,15755583.0,38109440.0
2014-12-22,2.36,2.16,2.36,2.16,24483282.0,54298708.0
2014-12-23,2.18,2.17,2.23,2.16,11980049.0,26276640.0
2014-12-24,2.21,2.26,2.26,2.19,12953874.0,28844292.0
2014-12-25,2.27,2.28,2.32,2.25,10771621.0,24631896.0
2014-12-26,2.28,2.26,2.29,2.25,8587498.0,19457850.0
2014-12-29,2.23,2.17,2.23,2.16,14871834.0,32368344.0
2014-12-30,2.17,2.16,2.19,2.08,14441670.0,30496386.0
2014-12-31,2.15,2.27,2.27,2.13,16747527.0,36732684.0
2015-01-05,2.28,2.37,2.48,2.28,46099905.0,109196240.0
2015-01-06,2.33,2.36,2.37,2.3,19083087.0,44605984.0
2015-01-07,2.36,2.32,2.38,2.29,10733333.0,24886558.0
2015-01-08,2.32,2.3,2.36,2.3,7960755.0,18535980.0
2015-01-09,2.29,2.32,2.38,2.28,17250833.0,40205720.0
2015-01-12,2.3,2.35,2.39,2.29,15667867.0,36955500.0
2015-01-13,2.36,2.41,2.44,2.34,19378145.0,46477860.0
2015-01-14,2.41,2.35,2.43,2.35,11026101.0,26093586.0
2015-01-15,2.35,2.32,2.39,2.31,9503227.0,22257026.0
2015-01-16,2.32,2.33,2.35,2.3,8663545.0,20186120.0
2015-01-19,2.3,2.29,2.41,2.19,14120258.0,32854338.0
2015-01-20,2.29,2.38,2.39,2.28,14295132.0,33596836.0
2015-01-21,2.35,2.41,2.42,2.35,22162825.0,53155212.0
2015-01-22,2.39,2.45,2.45,2.39,22445124.0,54440972.0
2015-01-23,2.44,2.39,2.47,2.38,18247313.0,44086156.0
2015-01-26,2.38,2.41,2.43,2.35,12816535.0,30811050.0
2015-01-27,2.43,2.42,2.44,2.39,12206361.0,29455420.0
2015-01-28,2.43,2.44,2.46,2.41,14499417.0,35423508.0
2015-01-29,2.42,2.37,2.42,2.37,12420486.0,29634666.0
2015-01-30,2.36,2.28,2.39,2.28,17685617.0,40979472.0
2015-02-02,2.26,2.29,2.32,2.24,9007514.0,20544958.0
2015-02-03,2.28,2.3,2.32,2.28,13154781.0,30383862.0
2015-02-04,2.31,2.53,2.53,2.31,86050176.0,215832496.0
2015-02-05,2.57,2.6,2.64,2.52,103482820.0,266610448.0
2015-02-06,2.58,2.56,2.62,2.54,42412101.0,109276440.0
2015-02-09,2.51,2.52,2.61,2.49,33290782.0,84710136.0
2015-02-10,2.48,2.5,2.51,2.42,37263580.0,91702504.0
2015-02-11,2.49,2.54,2.58,2.46,36790913.0,92804544.0
2015-02-12,2.53,2.55,2.59,2.51,19645495.0,49942080.0
2015-02-13,2.57,2.67,2.73,2.56,58012897.0,153022064.0
2015-02-16,2.66,2.88,2.88,2.64,77084538.0,217211264.0
2015-02-17,2.84,3.02,3.16,2.84,78417993.0,239663552.0
2015-02-25,3.05,2.89,3.07,2.88,29339676.0,86112224.0
2015-02-26,2.9,2.84,2.92,2.8,29679290.0,84854432.0
2015-02-27,2.83,2.91,2.92,2.8,40544644.0,116185728.0
2015-03-02,2.89,2.9,3.01,2.88,45978172.0,134618976.0
2015-03-03,2.9,2.84,2.94,2.82,36339853.0,103938520.0
2015-03-04,2.82,2.84,2.88,2.82,22114388.0,63059100.0
2015-03-05,2.84,3.01,3.05,2.74,63106588.0,181746416.0
2015-03-06,2.97,2.83,2.98,2.82,36007135.0,104000472.0
2015-03-09,2.79,2.77,2.86,2.73,33702199.0,93000408.0
2015-03-10,2.75,2.78,2.79,2.69,49410756.0,135125312.0
2015-03-11,2.76,2.71,2.76,2.7,23675621.0,64269164.0
2015-03-12,2.71,2.65,2.72,2.6,37353265.0,98993512.0
2015-03-13,2.67,2.71,2.71,2.64,26093244.0,69835680.0
2015-03-16,2.73,2.76,2.78,2.7,28445485.0,78302408.0
2015-03-17,2.77,3.04,3.04,2.77,89316722.0,262232336.0
2015-03-18,2.92,3.0,3.01,2.86,87444742.0,256072624.0
2015-03-19,2.98,2.92,2.98,2.9,40863975.0,119476488.0
2015-03-20,2.91,2.96,2.97,2.87,45206510.0,132649784.0
2015-03-23,2.95,2.95,3.01,2.92,55178078.0,162937616.0
2015-03-24,2.96,2.91,3.03,2.76,58522415.0,172177856.0
2015-03-25,2.84,2.87,2.89,2.79,64268157.0,181856976.0
2015-03-26,2.87,2.79,2.88,2.77,48144442.0,135715696.0
2015-03-27,2.79,2.82,2.84,2.78,27284684.0,76936184.0
2015-03-30,2.82,2.89,2.91,2.82,36973952.0,106252128.0
2015-03-31,2.89,2.86,2.93,2.85,43387364.0,125564192.0
2015-04-01,2.87,3.08,3.1,2.87,101678414.0,308937792.0
2015-04-02,3.05,3.11,3.12,3.0,74901783.0,229552816.0
2015-04-03,3.09,3.12,3.23,3.07,60496991.0,190163248.0
2015-04-07,3.12,3.22,3.28,3.08,58119024.0,184010688.0
2015-04-08,3.19,3.08,3.22,3.01,58088930.0,181565056.0
2015-04-09,3.09,3.0,3.1,2.9,44729976.0,133723968.0
2015-04-10,3.0,3.17,3.22,3.0,53607535.0,167742016.0
2015-04-13,3.17,3.36,3.49,3.16,73260400.0,246543552.0
2015-04-14,3.33,3.44,3.51,3.24,58926281.0,199036496.0
2015-04-15,3.37,3.26,3.49,3.26,38813744.0,130017904.0
2015-04-16,3.21,3.22,3.32,3.12,27356320.0,88456232.0
2015-04-17,3.26,3.14,3.31,3.13,31730052.0,101228104.0
2015-04-20,3.13,2.97,3.13,2.92,45762650.0,138241584.0
2015-04-21,2.96,3.08,3.08,2.94,24916433.0,75635328.0
2015-04-22,3.08,3.15,3.21,3.08,33277480.0,104555376.0
2015-04-23,3.12,3.19,3.34,3.12,40612371.0,131067976.0
2015-04-24,3.2,3.22,3.34,3.14,43411386.0,140595392.0
2015-04-27,3.22,3.17,3.31,3.16,34675047.0,111527776.0
2015-04-28,3.17,3.02,3.17,2.99,33511231.0,101659088.0
2015-04-29,2.98,3.06,3.1,2.97,23326641.0,71546336.0
2015-04-30,3.06,3.03,3.11,3.01,21321928.0,64927456.0
2015-05-04,2.99,3.02,3.09,2.99,30472546.0,92584080.0
2015-05-05,3.01,3.1,3.11,2.93,37337868.0,112610464.0
2015-05-06,3.09,2.95,3.14,2.94,34121894.0,104993944.0
2015-05-07,2.91,2.69,2.94,2.67,51807386.0,143532080.0
2015-05-08,2.73,2.78,2.79,2.69,33219049.0,91290016.0
2015-05-11,2.81,2.91,2.91,2.75,44777449.0,127072216.0
2015-05-12,2.92,2.93,2.94,2.87,32936749.0,95919112.0
2015-05-13,2.91,3.02,3.04,2.87,43134572.0,129045064.0
2015-05-14,3.03,3.08,3.12,2.98,43324801.0,131970168.0
2015-05-15,3.06,3.17,3.21,3.04,77344769.0,242106720.0
2015-05-18,3.16,3.31,3.43,3.11,100657842.0,328320928.0
2015-05-19,3.26,3.26,3.34,3.2,59626726.0,193458352.0
2015-05-20,3.26,3.19,3.39,3.19,67361490.0,222259280.0
2015-05-21,3.19,3.44,3.45,3.15,90547428.0,301666016.0
2015-05-22,3.45,3.38,3.47,3.31,79399761.0,267965104.0
2015-05-25,3.33,3.44,3.54,3.33,78679062.0,269080096.0
2015-05-26,3.44,3.44,3.44,3.44,0.0,0.0
2015-05-27,3.42,3.78,3.78,3.4,101824394.0,368261344.0
2015-05-28,3.91,3.69,4.16,3.69,146710274.0,578905408.0
2015-05-29,3.67,3.88,3.98,3.41,97355395.0,366727136.0
2015-06-01,3.9,4.03,4.08,3.9,90327287.0,360737312.0
2015-06-02,4.01,4.02,4.07,3.88,77041591.0,306749088.0
2015-06-03,3.98,3.8,4.03,3.73,72597075.0,281175232.0
2015-06-04,3.88,4.18,4.18,3.83,129053752.0,530400864.0
2015-06-05,4.38,4.14,4.45,4.06,113729527.0,485954592.0
2015-06-08,4.06,3.85,4.06,3.76,90886183.0,352869376.0
2015-06-09,3.81,3.81,3.95,3.76,43369818.0,167526976.0
2015-06-10,3.81,3.95,4.02,3.81,59572877.0,234476096.0
2015-06-11,3.95,4.06,4.09,3.9,50418600.0,202532832.0
2015-06-12,4.05,4.08,4.16,4.01,54116500.0,221353536.0
2015-06-15,4.06,3.89,4.13,3.88,45832935.0,183251248.0
2015-06-16,3.8,3.67,3.84,3.6,46096341.0,170348352.0
2015-06-17,3.66,3.79,3.82,3.59,41421463.0,153387712.0
2015-06-18,3.79,3.76,3.89,3.7,39804122.0,150929232.0
2015-06-19,3.66,3.46,3.76,3.39,34852547.0,125285072.0
2015-06-23,3.46,3.52,3.52,3.13,35082923.0,118536968.0
2015-06-24,3.52,3.55,3.59,3.42,29286896.0,103310352.0
2015-06-25,3.54,3.31,3.54,3.2,27768366.0,94707624.0
2015-06-26,3.23,2.98,3.23,2.98,36610633.0,111356200.0
2015-06-29,3.01,2.68,3.07,2.68,56206059.0,155079904.0
2015-06-30,2.66,2.83,2.86,2.41,52175529.0,136947776.0
2015-07-01,2.78,2.54,2.9,2.54,41762534.0,115062656.0
2015-07-02,2.58,2.29,2.58,2.29,42813360.0,101680416.0
2015-07-03,2.21,2.06,2.31,2.06,45988028.0,97095952.0
2015-07-06,2.27,2.27,2.27,1.91,72922892.0,153927472.0
2015-07-07,2.21,2.04,2.21,2.04,30231303.0,63154100.0
2015-07-08,1.84,2.04,2.11,1.84,102396448.0,194123472.0
2015-07-09,1.97,2.24,2.24,1.87,46324085.0,99901648.0
2015-07-10,2.43,2.47,2.47,2.25,26710840.0,65101696.0
2015-07-13,2.58,2.72,2.72,2.52,63858330.0,169406064.0
2015-07-14,2.69,2.84,2.99,2.58,93840533.0,264635424.0
2015-07-15,2.69,2.55,2.76,2.55,32406161.0,84606032.0
2015-07-16,2.37,2.53,2.63,2.3,50923401.0,126500728.0
2015-07-17,2.51,2.66,2.72,2.48,39022971.0,102119896.0
2015-07-20,2.63,2.62,2.74,2.57,38016433.0,100868368.0
2015-07-21,2.57,2.67,2.69,2.51,30742680.0,81055328.0
2015-07-22,2.68,2.71,2.76,2.62,30764983.0,82989104.0
2015-07-23,2.71,2.84,2.87,2.65,58956906.0,161884432.0
2015-07-24,2.83,2.74,2.9,2.73,54828818.0,154615952.0
2015-07-27,2.66,2.47,2.73,2.47,37108218.0,97143976.0
2015-07-28,2.23,2.48,2.58,2.22,38673737.0,92880184.0
2015-07-29,2.58,2.61,2.61,2.37,25963500.0,64903396.0
2015-07-30,2.57,2.61,2.75,2.54,40613816.0,108326392.0
2015-07-31,2.68,2.62,2.7,2.55,23046151.0,60722512.0
2015-08-03,2.61,2.38,2.68,2.37,26068554.0,65312296.0
2015-08-04,2.39,2.53,2.53,2.38,19485776.0,48162032.0
2015-08-05,2.54,2.64,2.68,2.46,30623863.0,80358688.0
2015-08-06,2.64,2.64,2.64,2.64,0.0,0.0
2015-08-07,2.64,2.64,2.64,2.64,0.0,0.0
2015-08-10,2.64,2.64,2.64,2.64,0.0,0.0
2015-08-11,2.91,2.91,2.91,2.91,2102891.0,6112006.0
2015-08-12,3.12,3.08,3.17,3.02,78620525.0,244073376.0
2015-08-13,3.06,3.12,3.16,3.01,67661507.0,208987760.0
2015-08-14,3.09,3.03,3.14,3.01,48101911.0,147858304.0
2015-08-17,3.04,3.07,3.12,3.02,34544631.0,106417544.0
2015-08-18,3.1,2.77,3.14,2.77,50806103.0,151474464.0
2015-08-19,2.66,2.85,2.86,2.52,38201756.0,103478008.0
2015-08-20,2.78,2.75,2.92,2.73,24588390.0,69558712.0
2015-08-21,2.76,2.51,2.76,2.51,17585609.0,46438592.0
2015-08-24,2.37,2.26,2.44,2.26,25528186.0,58088976.0
2015-08-25,2.04,2.03,2.19,2.03,38953024.0,80641280.0
2015-08-26,2.08,2.04,2.17,1.95,27068893.0,56522896.0
2015-08-27,2.11,2.25,2.25,2.08,25936711.0,56200932.0
2015-08-28,2.36,2.37,2.39,2.25,26970764.0,62436344.0
2015-08-31,2.35,2.27,2.35,2.23,20048517.0,45829336.0
2015-09-01,2.27,2.04,2.27,2.04,24241621.0,51250772.0
2015-09-02,1.95,1.99,2.13,1.94,12428357.0,25302398.0
2015-09-07,2.01,2.07,2.15,1.99,13388172.0,28073480.0
2015-09-08,2.09,2.22,2.24,2.02,14459852.0,30768162.0
2015-09-09,2.24,2.32,2.38,2.24,27880427.0,65082276.0
2015-09-10,2.29,2.28,2.38,2.26,18263544.0,42277712.0
2015-09-11,2.28,2.31,2.33,2.26,10933190.0,25079346.0
2015-09-14,2.31,2.08,2.33,2.08,14550473.0,31527250.0
2015-09-15,2.01,1.98,2.08,1.94,10161234.0,20427334.0
2015-09-16,1.99,2.18,2.18,1.99,13300309.0,27968488.0
2015-09-17,2.22,2.23,2.33,2.19,24192180.0,54987148.0
2015-09-18,2.28,2.34,2.4,2.21,24799249.0,57866416.0
2015-09-21,2.29,2.39,2.43,2.19,27753251.0,65202228.0
2015-09-22,2.4,2.37,2.4,2.32,20339325.0,48241756.0
2015-09-23,2.35,2.53,2.6,2.3,41532423.0,104389976.0
2015-09-24,2.52,2.51,2.58,2.48,21019685.0,52574528.0
2015-09-25,2.5,2.43,2.58,2.38,18098337.0,45038052.0
2015-09-28,2.43,2.5,2.51,2.35,12733682.0,31243800.0
2015-09-29,2.45,2.5,2.6,2.43,20819288.0,52702100.0
2015-09-30,2.53,2.5,2.58,2.49,13644933.0,34498916.0
2015-10-08,2.6,2.53,2.65,2.52,36984860.0,96423608.0
2015-10-09,2.54,2.67,2.68,2.53,28979941.0,75944464.0
2015-10-12,2.68,2.65,2.83,2.64,96361854.0,262396288.0
2015-10-13,2.63,2.72,2.72,2.6,35773898.0,95761752.0
2015-10-14,2.69,2.67,2.73,2.66,28417479.0,76378376.0
2015-10-15,2.66,2.74,2.75,2.63,29949563.0,81157344.0
2015-10-16,2.82,2.85,2.87,2.71,60194239.0,169180608.0
2015-10-19,2.88,2.93,2.98,2.82,71785319.0,208420704.0
2015-10-20,2.93,2.88,2.93,2.85,37179781.0,107014440.0
2015-10-21,2.89,2.66,2.91,2.61,48977819.0,135753728.0
2015-10-22,2.67,2.76,2.77,2.64,28809162.0,78370952.0
2015-10-23,2.84,3.03,3.03,2.8,69338250.0,203002768.0
2015-10-26,3.09,3.25,3.34,3.09,110965334.0,363254656.0
2015-10-27,3.33,3.49,3.55,3.22,131171800.0,442693056.0
2015-10-28,3.44,3.49,3.68,3.34,98562400.0,342446304.0
2015-10-29,3.49,3.53,3.67,3.41,56469229.0,199839200.0
2015-10-30,3.46,3.47,3.62,3.4,47776595.0,168221104.0
2015-11-02,3.38,3.63,3.73,3.36,64675338.0,232985296.0
2015-11-03,3.61,3.75,3.93,3.57,69918390.0,261458592.0
2015-11-04,3.72,3.88,3.99,3.67,69735909.0,267982160.0
2015-11-05,3.88,3.79,4.07,3.77,71741938.0,279199552.0
2015-11-06,3.8,4.01,4.02,3.78,59440742.0,232418960.0
2015-11-09,3.95,4.34,4.41,3.91,84975183.0,360207680.0
2015-11-10,4.29,4.72,4.77,4.21,86520780.0,381207904.0
2015-11-11,4.72,4.7,4.98,4.58,80336400.0,382841504.0
2015-11-12,4.71,4.65,4.8,4.5,60574666.0,281657664.0
2015-11-13,4.54,4.49,4.81,4.2,89305633.0,402643872.0
2015-11-16,4.26,4.52,4.56,4.26,40806147.0,179732336.0
2015-11-17,4.54,4.29,4.66,4.29,45861591.0,203424704.0
2015-11-18,4.29,4.09,4.39,4.09,37412609.0,159136880.0
2015-11-19,4.2,4.5,4.5,4.06,61762474.0,267375952.0
2015-11-20,4.66,4.95,4.95,4.61,88798811.0,428271520.0
2015-11-23,4.95,4.66,5.2,4.57,82875204.0,410534784.0
2015-11-24,4.77,5.12,5.12,4.67,60175976.0,301845248.0
2015-11-25,5.24,5.34,5.64,5.12,88075795.0,474817952.0
2015-11-26,5.24,5.07,5.46,5.0,69684531.0,361104256.0
2015-11-27,4.95,4.96,5.33,4.89,61311891.0,311027488.0
2015-11-30,5.04,5.31,5.46,4.89,67182561.0,348993536.0
2015-12-01,5.26,4.91,5.58,4.78,79000812.0,406673472.0
2015-12-02,4.87,4.95,5.14,4.59,55825814.0,269617536.0
2015-12-03,5.11,5.44,5.44,5.11,81384481.0,437112032.0
2015-12-04,5.48,5.88,5.99,5.39,120984166.0,693657728.0
2015-12-07,5.89,6.34,6.47,5.89,134996960.0,849788736.0
2015-12-08,6.15,6.34,6.38,6.02,122331860.0,757495872.0
2015-12-09,6.25,6.63,6.78,6.25,105559415.0,692654272.0
2015-12-10,6.49,6.15,6.49,6.04,85162137.0,531912352.0
2015-12-11,6.03,5.93,6.36,5.89,64073758.0,395336256.0
2015-12-14,5.81,6.05,6.13,5.71,68742103.0,405390592.0
2015-12-15,6.1,6.24,6.32,6.02,67663680.0,419478560.0
2015-12-16,6.18,6.07,6.24,6.03,59775057.0,365008992.0
2015-12-17,6.07,6.15,6.23,6.07,51268694.0,314729504.0
2015-12-18,6.12,6.21,6.68,6.03,84958104.0,533300608.0
2015-12-21,6.08,5.86,6.19,5.81,65844925.0,389155200.0
2015-12-22,5.95,5.98,6.17,5.89,59358981.0,357021856.0
2015-12-23,6.0,6.1,6.37,5.88,67594610.0,413015840.0
2015-12-24,6.0,6.26,6.33,5.96,59217680.0,366341280.0
2015-12-25,6.46,6.39,6.68,6.3,72005650.0,468082016.0
2015-12-28,6.35,6.56,6.84,6.32,103157705.0,686797056.0
2015-12-29,6.6,6.6,6.69,6.25,71090290.0,463280736.0
2015-12-30,6.68,6.4,6.73,6.28,54830420.0,354106816.0
2015-12-31,6.32,5.95,6.54,5.89,70595448.0,436932224.0
2016-01-04,5.82,5.36,5.88,5.36,59142843.0,324402464.0
2016-01-05,4.9,4.95,5.24,4.82,84402259.0,422708448.0
2016-01-06,5.04,5.07,5.12,4.81,58316584.0,292845632.0
2016-01-07,4.88,4.56,4.91,4.56,16779257.0,78434896.0
2016-01-08,4.57,4.39,4.66,4.16,76675054.0,340090048.0
2016-01-11,4.17,4.22,4.45,4.13,64765945.0,279080256.0
2016-01-12,4.31,4.49,4.49,4.24,73570403.0,325053088.0
2016-01-13,4.45,4.43,4.66,4.24,95110269.0,422079840.0
2016-01-14,4.24,4.87,4.87,4.24,113894970.0,524741216.0
2016-01-15,4.81,4.95,5.13,4.78,133674996.0,665842048.0
2016-01-18,4.84,4.93,5.06,4.7,90059478.0,437560000.0
2016-01-19,4.87,5.11,5.15,4.85,90020778.0,447738816.0
2016-01-20,5.02,4.87,5.21,4.84,95987348.0,481969888.0
2016-01-21,4.76,4.38,4.87,4.38,99777040.0,461364864.0
2016-01-22,4.38,4.5,4.64,4.17,86171824.0,381435744.0
2016-01-25,4.52,4.43,4.57,4.38,50877750.0,226704512.0
2016-01-26,4.31,4.0,4.45,3.98,64817685.0,273557024.0
2016-01-27,4.02,4.16,4.25,3.8,81494062.0,328524448.0
2016-01-28,4.13,3.88,4.19,3.84,61322340.0,248377744.0
2016-01-29,3.84,4.16,4.23,3.81,60076439.0,243955143.05
2016-02-01,4.16,4.09,4.28,3.91,57362927.0,238911722.3
2016-02-02,4.09,4.31,4.43,4.04,55597388.0,238654168.45
2016-02-03,4.25,4.58,4.62,4.22,66218330.0,292707587.48
2016-02-04,4.54,4.71,4.73,4.52,79385432.0,367829443.4
2016-02-05,4.67,4.46,4.74,4.41,47903534.0,218479041.98
2016-02-15,4.24,4.47,4.53,4.24,41402907.0,182572385.58
2016-02-16,4.48,4.64,4.71,4.41,63401005.0,291001058.44
2016-02-17,4.64,4.62,4.72,4.49,58442840.0,268480468.31
2016-02-18,4.66,4.52,4.83,4.49,84604787.0,393767029.18
2016-02-19,4.48,4.47,4.57,4.37,55761453.0,249190677.48
2016-02-22,4.59,4.91,4.91,4.58,110555248.0,525091730.61
2016-02-23,4.92,4.85,4.97,4.7,78794132.0,379820471.41
2016-02-24,4.78,4.82,4.97,4.64,74647948.0,359005168.78
2016-02-25,4.97,4.54,5.06,4.45,116681843.0,564135264.72
2016-02-26,4.59,4.47,4.62,4.32,63745447.0,286354007.42
2016-02-29,4.41,4.02,4.41,4.02,60655187.0,249456956.66
2016-03-01,3.96,4.09,4.16,3.75,54831855.0,218253889.75
2016-03-02,4.06,4.31,4.42,4.02,59113699.0,248775893.59
2016-03-03,4.31,4.37,4.57,4.27,60038533.0,267638364.72
2016-03-04,4.33,4.24,4.49,4.08,51440100.0,221740870.65
2016-03-07,4.25,4.33,4.44,4.25,32099652.0,139964203.74
2016-03-08,4.31,4.72,4.76,4.04,87987124.0,399955540.54
2016-03-09,4.62,4.65,4.86,4.58,64247184.0,303291360.27
2016-03-10,4.64,4.67,4.81,4.51,54558947.0,254593668.9
2016-03-11,4.59,4.82,5.0,4.56,80579997.0,390393721.78
2016-03-14,4.95,5.28,5.3,4.88,91457769.0,473274709.42
2016-03-15,5.23,5.44,5.74,5.17,104892875.0,581464819.38
2016-03-16,5.6,5.38,5.66,5.27,80324392.0,439943084.4
2016-03-17,5.46,5.81,5.83,5.4,72885515.0,414996932.8
2016-03-18,5.73,5.69,5.9,5.61,109227935.0,625507032.69
2016-03-21,5.74,5.74,5.89,5.67,74008489.0,425931184.57
2016-03-22,5.81,6.2,6.29,5.74,84307389.0,512215366.74
2016-03-23,6.07,5.89,6.17,5.71,105170602.0,618143587.13
2016-03-24,5.71,5.86,6.13,5.69,78355335.0,463985036.44
2016-03-25,5.87,6.03,6.12,5.76,71164946.0,424895489.52
2016-03-28,6.03,6.03,6.03,6.03,0.0,0.0
2016-03-29,6.03,6.03,6.03,6.03,0.0,0.0
2016-03-30,6.03,6.03,6.03,6.03,0.0,0.0
2016-03-31,6.03,6.03,6.03,6.03,0.0,0.0
2016-04-01,6.03,6.03,6.03,6.03,0.0,0.0
2016-04-05,6.03,6.03,6.03,6.03,0.0,0.0
2016-04-06,6.03,6.03,6.03,6.03,0.0,0.0
2016-04-07,6.03,6.03,6.03,6.03,0.0,0.0
2016-04-08,6.03,6.03,6.03,6.03,0.0,0.0
2016-04-11,6.03,6.03,6.03,6.03,0.0,0.0
2016-04-12,6.63,6.43,6.63,6.38,146457617.0,965069234.3
2016-04-13,6.53,6.38,6.75,6.36,114959713.0,751696873.84
2016-04-14,6.32,7.01,7.01,6.27,113673594.0,757727741.68
2016-04-15,7.08,7.01,7.36,6.82,133343788.0,940402609.6
2016-04-18,6.96,7.45,7.68,6.87,140845785.0,1024844954.12
2016-04-19,7.34,7.29,7.51,7.18,100728343.0,739411699.96
2016-04-20,7.25,7.15,7.5,6.74,116336411.0,830637646.72
2016-04-21,7.04,6.46,7.21,6.46,91799858.0,631050772.25
2016-04-22,6.47,6.89,6.97,6.37,105428352.0,702768015.35
2016-04-25,6.86,7.06,7.25,6.6,103787732.0,722699975.09
2016-04-26,6.9,6.96,7.16,6.77,74558594.0,521219698.88
2016-04-27,6.96,7.22,7.61,6.89,106474845.0,777106663.1
2016-04-28,7.23,7.94,7.94,6.96,140854994.0,1052134623.94
2016-04-29,7.89,8.01,8.27,7.76,113621534.0,908460315.16
2016-05-03,7.93,8.32,8.56,7.84,106083205.0,869706657.06
2016-05-04,8.25,8.33,8.5,8.18,87674653.0,729313411.37
2016-05-05,8.33,9.16,9.16,8.26,105859933.0,926045108.1
2016-05-06,9.26,8.89,9.68,8.88,164751058.0,1526164453.72
2016-05-09,9.14,9.67,9.78,8.65,177817048.0,1651390069.17
2016-05-10,9.4,9.19,9.52,8.86,122918241.0,1131583556.89
2016-05-11,9.33,9.06,9.79,8.83,153273697.0,1433642689.56
2016-05-12,8.7,9.96,9.96,8.54,180639570.0,1696269032.86
2016-05-13,10.06,10.39,10.96,9.88,233260227.0,2437246044.8
2016-05-16,10.17,10.24,10.51,9.83,170942295.0,1737057502.93
2016-05-17,10.18,11.27,11.27,10.09,178651744.0,1955330918.33
2016-05-18,11.05,11.86,12.01,10.49,236341334.0,2651552227.32
2016-05-19,11.46,11.71,12.21,11.35,185148342.0,2183576805.35
2016-05-20,10.94,10.54,11.25,10.54,198274839.0,2145164935.43
2016-05-23,10.39,10.63,10.82,10.18,149123210.0,1569669719.96
2016-05-24,10.51,10.48,10.85,10.25,116359019.0,1229270958.14
2016-05-25,10.54,9.87,10.6,9.85,141211174.0,1435193859.49
2016-05-26,9.89,10.24,10.31,9.73,141263169.0,1421660077.44
2016-05-27,10.07,9.71,10.12,9.56,124263058.0,1222882040.64
2016-05-30,9.49,9.5,9.9,9.47,84621204.0,814186954.54
2016-05-31,9.63,9.84,9.85,9.53,126455742.0,1231539793.53
2016-06-01,9.84,10.58,10.82,9.73,217101313.0,2255471022.23
2016-06-02,10.43,10.56,10.88,10.36,151265986.0,1601095112.11
2016-06-03,10.74,10.59,10.95,10.47,150548110.0,1611993575.78
2016-06-06,10.58,10.7,10.94,10.34,125933285.0,1339741771.24
2016-06-07,10.62,10.39,10.62,10.25,123904512.0,1285666249.87
2016-06-08,10.41,11.43,11.43,10.16,224013311.0,2448380985.37
2016-06-13,11.49,11.53,12.23,11.15,232739306.0,2737635215.49
2016-06-14,11.04,11.39,11.98,10.97,152858604.0,1753523303.12
2016-06-15,11.23,12.53,12.53,11.22,158984362.0,1953524567.51
2016-06-16,12.94,13.75,13.78,12.63,226157830.0,3005656440.42
2016-06-17,13.48,13.61,14.37,13.19,187123600.0,2555480444.42
2016-06-20,13.62,13.74,14.01,13.27,118806098.0,1623686381.6
2016-06-21,13.85,12.81,13.96,12.67,152119684.0,2003312055.33
2016-06-22,12.67,12.97,13.02,12.41,111892051.0,1425658952.01
2016-06-23,12.92,12.45,12.92,12.4,84844914.0,1067664860.07
2016-06-24,12.3,12.4,12.81,11.68,116074409.0,1447866739.46
2016-06-27,12.27,12.65,12.84,12.27,82812479.0,1041731932.74
2016-06-28,12.55,12.61,12.63,12.27,76503274.0,950945878.05
2016-06-29,12.7,13.12,13.83,12.62,131811561.0,1755436360.05
2016-06-30,13.1,12.57,13.1,12.46,93286827.0,1182012523.12
2016-07-01,12.5,12.57,12.93,12.33,66830828.0,842975642.32
2016-07-04,12.57,12.64,12.87,12.4,68806410.0,869658493.9
2016-07-05,12.59,13.11,13.48,12.49,122049752.0,1578605935.77
2016-07-06,12.85,13.02,13.57,12.78,102516177.0,1354007933.13
2016-07-07,13.02,13.53,13.62,12.78,146767165.0,1944952408.75
2016-07-08,13.39,13.01,13.41,13.01,95748949.0,1262886879.24
2016-07-11,12.9,12.52,13.21,12.51,81316554.0,1032966025.3
2016-07-12,12.42,12.49,12.64,11.79,66138037.0,810880932.57
2016-07-13,12.67,12.42,12.75,12.33,46289590.0,579665465.05
2016-07-14,12.31,12.43,12.67,12.28,43215290.0,539171302.58
2016-07-15,12.63,12.6,12.85,12.4,68460771.0,862961979.95
2016-07-18,12.49,12.21,12.51,12.17,47730636.0,588732386.0
2016-07-19,12.27,11.92,12.33,11.86,51328762.0,616637898.15
2016-07-20,11.95,11.99,12.21,11.95,43486582.0,525554994.67
2016-07-21,11.92,11.8,12.04,11.69,43457757.0,513626596.79
2016-07-22,11.8,11.3,11.8,11.26,52293463.0,597672562.76
2016-07-25,11.12,10.6,11.12,10.42,67144431.0,718691194.94
2016-07-26,10.6,10.73,10.87,10.58,40564850.0,435727704.2
2016-07-27,10.82,10.42,11.01,10.06,66437235.0,706265458.33
2016-07-28,10.3,10.31,10.47,9.96,49640530.0,508298277.2
2016-07-29,10.31,10.51,10.69,10.24,53948463.0,565525672.32
2016-08-01,10.51,10.74,10.87,10.06,64907766.0,685825110.27
2016-08-02,10.73,10.66,10.73,10.54,38660467.0,410947020.36
2016-08-03,10.63,10.49,10.76,10.4,39748516.0,419150356.39
2016-08-04,10.44,10.88,11.28,10.35,74843560.0,810773941.28
2016-08-05,10.74,10.55,10.82,10.51,46146172.0,491724331.72
2016-08-08,10.44,10.44,10.46,10.19,29191010.0,302369558.54
2016-08-09,10.52,10.51,10.64,10.39,37576119.0,394302027.06
2016-08-10,10.54,10.57,10.82,10.48,45551048.0,483792770.09
2016-08-11,10.47,10.22,10.48,10.21,39512122.0,408387430.59
2016-08-12,10.15,10.28,10.42,10.14,26544700.0,273124931.66
2016-08-15,10.34,10.48,10.59,10.13,50031686.0,521327089.04
2016-08-16,10.58,10.83,11.14,10.52,92958219.0,1012162458.94
2016-08-17,10.74,10.76,10.88,10.6,48071694.0,514823547.08
2016-08-18,10.74,10.72,11.0,10.69,41307706.0,446806624.46
2016-08-19,10.65,10.7,10.83,10.65,29270606.0,313695958.03
2016-08-22,10.69,10.64,10.87,10.63,29181504.0,313112042.59
2016-08-23,10.68,10.32,10.69,10.11,50423660.0,518497955.9
2016-08-24,10.31,10.27,10.33,10.21,23162369.0,237662867.78
2016-08-25,10.27,10.23,10.32,10.03,28456731.0,290040671.2
2016-08-26,10.3,10.21,10.3,10.21,23625601.0,242178220.57
2016-08-29,10.17,10.14,10.26,10.13,17169310.0,174851359.66
2016-08-30,10.18,10.35,10.54,10.18,38115691.0,395624781.27
2016-08-31,10.35,10.29,10.4,10.21,21699182.0,222711117.92
2016-09-01,10.3,10.14,10.3,10.14,21897896.0,223186930.52
2016-09-02,10.1,9.99,10.21,9.97,23233677.0,233534669.35
2016-09-05,9.99,10.0,10.11,9.96,15244149.0,152762713.57
2016-09-06,10.03,10.39,10.51,9.91,56303355.0,577117580.96
2016-09-07,10.35,10.14,10.35,10.13,37217005.0,380536283.06
2016-09-08,10.11,10.43,10.69,10.1,63485727.0,661682000.06
2016-09-09,10.49,10.33,10.64,10.32,35701790.0,373220027.58
2016-09-12,10.06,9.59,10.09,9.57,58609832.0,575977944.32
2016-09-13,9.68,9.44,9.73,9.36,36568077.0,346574931.29
2016-09-14,9.42,9.22,9.42,9.13,26294881.0,243976717.43
2016-09-19,9.23,9.33,9.41,9.23,17751593.0,165791919.43
2016-09-20,9.31,9.41,9.52,9.25,23863921.0,223883342.2
2016-09-21,9.34,9.34,9.46,9.32,16550008.0,154992158.97
2016-09-22,9.38,9.29,9.43,9.29,18147324.0,169698277.07
2016-09-23,9.3,8.96,9.36,8.95,34497750.0,313945741.29
2016-09-26,8.96,8.32,8.98,8.29,46542776.0,398907129.52
2016-09-27,8.28,8.4,8.48,8.25,32715379.0,274284254.78
2016-09-28,8.4,8.44,8.57,8.37,22709361.0,192691532.28
2016-09-29,8.44,8.35,8.49,8.35,18486279.0,155361552.79
2016-09-30,8.28,8.42,8.49,8.27,19943309.0,168088862.16
2016-10-10,8.27,8.63,8.66,8.27,31149181.0,266299795.19
2016-10-11,8.66,8.6,8.7,8.54,22959586.0,197827929.39
2016-10-12,8.64,8.7,8.83,8.54,33462726.0,291760240.46
2016-10-13,8.66,8.58,8.72,8.55,22193371.0,190874573.41
2016-10-14,8.58,8.71,8.8,8.48,32222164.0,277809518.01
2016-10-17,8.65,9.17,9.47,8.65,83990966.0,759557470.17
2016-10-18,9.02,10.09,10.09,9.02,127908421.0,1251004896.41
2016-10-19,10.11,10.24,10.42,10.06,119587524.0,1221177316.7
2016-10-20,10.11,10.64,10.94,10.11,127114555.0,1344678013.85
2016-10-21,10.53,10.41,10.59,10.16,76044611.0,791077079.38
2016-10-24,10.41,10.46,10.6,10.26,56295068.0,585992626.83
2016-10-25,10.46,10.28,10.58,10.17,53170943.0,548390751.64
2016-10-26,10.22,10.12,10.28,9.8,70500998.0,707020774.29
2016-10-27,10.1,10.42,10.51,10.02,77404275.0,802434412.1
2016-10-28,10.37,10.04,10.47,10.03,48751084.0,498178666.34
2016-10-31,9.9,10.81,10.87,9.85,92249543.0,973449168.11
2016-11-01,10.75,10.97,11.04,10.62,89306194.0,966905673.42
2016-11-02,10.87,10.6,11.13,10.6,77891829.0,843075390.13
2016-11-03,10.53,10.56,11.05,10.45,68229697.0,731859815.86
2016-11-04,10.55,10.31,10.66,10.21,55229755.0,572920911.4
2016-11-07,10.24,10.31,10.51,10.1,34284059.0,353089065.58
2016-11-08,10.37,10.24,10.42,10.21,32334937.0,333438246.43
2016-11-09,10.15,9.9,10.15,9.88,59909507.0,597377560.85
2016-11-10,10.0,9.95,10.13,9.9,41938874.0,418899368.84
2016-11-11,9.91,10.04,10.11,9.83,48849820.0,486534794.62
2016-11-14,9.97,9.55,9.98,9.47,80897609.0,783322448.13
2016-11-15,9.52,9.41,9.53,9.26,52109437.0,486060104.27
2016-11-16,9.42,9.57,9.7,9.41,52980895.0,509479118.07
2016-11-17,9.5,9.44,9.5,9.27,33207725.0,310666660.08
2016-11-18,9.44,9.41,9.51,9.35,27093222.0,255304332.45
2016-11-21,9.36,9.4,9.47,9.31,25577917.0,239984699.57
2016-11-22,9.43,9.62,9.63,9.35,56995351.0,543511555.93
2016-11-23,9.67,9.5,9.88,9.45,59259160.0,573743192.79
2016-11-24,9.38,9.15,9.44,9.12,52303365.0,484108206.9
2016-11-25,9.15,9.2,9.23,8.76,42853488.0,385953772.29
2016-11-28,9.2,9.15,9.28,9.09,24661956.0,226670449.16
2016-11-29,9.12,8.9,9.15,8.89,27822669.0,250282063.47
2016-11-30,8.81,9.03,9.16,8.81,24786512.0,224170940.8
2016-12-01,9.07,8.95,9.07,8.94,17169610.0,154068241.14
2016-12-02,8.95,8.68,8.98,8.68,27650192.0,243131232.18
2016-12-05,8.6,8.74,8.87,8.54,18596525.0,163047683.38
2016-12-06,8.74,9.25,9.34,8.73,54741282.0,499463892.78
2016-12-07,8.98,9.11,9.24,8.94,41807555.0,379883517.86
2016-12-08,9.13,8.86,9.13,8.84,32690806.0,293529471.22
2016-12-09,8.8,8.82,9.01,8.8,22272511.0,198375639.83
2016-12-12,8.82,8.23,8.84,8.23,41730759.0,352724839.14
2016-12-13,8.21,8.27,8.34,8.12,24180084.0,199339313.58
2016-12-14,8.24,8.03,8.27,8.01,25667492.0,208276438.03
2016-12-15,8.03,8.2,8.31,7.95,27120599.0,221338388.98
2016-12-16,8.2,8.28,8.43,8.16,25615308.0,212524720.12
2016-12-19,8.3,8.17,8.37,8.15,16638738.0,137155042.81
2016-12-20,8.26,8.26,8.35,8.08,24388070.0,201324640.51
2016-12-21,8.27,8.3,8.35,8.24,19116172.0,158360987.29
2016-12-22,8.27,8.2,8.29,8.09,22112250.0,180716878.82
2016-12-23,8.14,7.9,8.18,7.88,25997575.0,208398723.51
2016-12-26,7.86,7.95,8.0,7.42,32330568.0,248286635.45
2016-12-27,7.91,7.74,7.91,7.74,20766128.0,162173999.01
2016-12-28,7.75,7.72,7.92,7.64,26236474.0,203939769.39
2016-12-29,7.64,7.57,7.74,7.55,19926100.0,152645794.33
2016-12-30,7.57,7.58,7.63,7.52,18551843.0,140503242.19
2017-01-03,7.64,7.6,7.68,7.58,15218752.0,116031133.78
2017-01-04,7.64,8.36,8.36,7.59,73693537.0,595807997.0
2017-01-05,8.36,8.52,8.91,8.3,122421556.0,1055670711.8
2017-01-06,8.42,8.65,8.73,8.31,81460379.0,697235148.96
2017-01-09,8.59,8.6,8.91,8.37,80407439.0,698081854.44
2017-01-10,8.49,8.37,8.55,8.37,48913437.0,412904652.82
2017-01-11,8.32,8.51,8.59,8.28,45636666.0,386478372.46
2017-01-12,8.51,8.53,8.71,8.37,44129154.0,376296340.83
2017-01-13,8.45,8.02,8.53,7.96,40832574.0,339611137.94
2017-01-16,7.98,7.69,8.01,7.24,47913955.0,368486632.19
2017-01-17,7.67,7.76,7.82,7.49,32165198.0,247485754.46
2017-01-18,7.76,7.62,7.87,7.58,21689448.0,167319964.48
2017-01-19,7.54,7.49,7.61,7.44,28403194.0,213166417.54
2017-01-20,7.5,7.7,7.78,7.48,33407836.0,255951942.17
2017-01-23,7.7,7.8,7.88,7.7,28132938.0,219513369.69
2017-01-24,7.72,7.61,7.72,7.59,25283595.0,193436366.33
2017-01-25,7.58,7.66,7.72,7.55,15597875.0,119516063.03
2017-01-26,7.7,7.8,7.8,7.67,19876698.0,154117077.59
2017-02-03,7.83,7.7,7.83,7.64,15688396.0,120893450.49
2017-02-06,7.7,7.8,7.82,7.64,18095685.0,140265211.95
2017-02-07,7.8,7.67,7.8,7.62,24965495.0,191820725.0
2017-02-08,7.58,7.78,7.78,7.58,29558962.0,227699942.79
2017-02-09,7.8,8.56,8.56,7.73,39719117.0,327416167.53
2017-02-10,8.62,8.34,8.62,8.28,78021127.0,656179279.95
2017-02-13,8.25,8.36,8.52,8.25,44858245.0,377147715.36
2017-02-14,8.34,8.52,8.62,8.34,54380321.0,461643098.46
2017-02-15,8.53,8.41,8.6,8.37,45332052.0,383632572.35
2017-02-16,8.39,8.58,8.8,8.36,70243281.0,604631732.69
2017-02-17,8.53,8.46,8.68,8.42,42672646.0,363614771.86
2017-02-20,8.42,8.61,8.62,8.36,41322906.0,351376168.94
2017-02-21,8.7,8.85,8.98,8.55,77060829.0,679144825.56
2017-02-22,8.77,9.05,9.34,8.75,98026968.0,892061822.56
2017-02-23,9.0,9.14,9.32,8.92,76597380.0,697710720.34
2017-02-24,9.06,8.97,9.15,8.96,42327875.0,381048577.69
2017-02-27,9.06,8.88,9.25,8.82,47055738.0,426554510.07
2017-02-28,8.87,8.94,9.06,8.81,31018136.0,276391388.53
2017-03-01,8.96,9.01,9.13,8.84,40969091.0,367579825.11
2017-03-02,9.11,9.2,9.33,8.98,80629696.0,740283511.33
2017-03-03,9.2,9.7,10.06,9.14,121589865.0,1170479684.54
2017-03-06,9.69,9.65,10.02,9.53,80951569.0,789563320.78
2017-03-07,9.61,9.55,9.85,9.5,47879837.0,461096642.53
2017-03-08,9.58,9.59,9.67,9.52,30271334.0,290667485.07
2017-03-09,9.59,9.47,9.61,9.31,42515831.0,402436427.38
2017-03-10,9.42,9.7,9.89,9.42,73394984.0,709507447.14
2017-03-13,9.63,9.65,9.9,9.49,57768813.0,560639683.65
2017-03-14,9.61,9.45,9.76,9.43,45765435.0,437794119.43
2017-03-15,9.34,9.27,9.43,9.21,41280501.0,384199333.07
2017-03-16,9.32,9.35,9.46,9.27,28389669.0,265328848.54
2017-03-17,9.35,9.03,9.42,9.02,37832995.0,348968484.72
2017-03-20,9.0,9.16,9.2,8.99,24705396.0,224585295.26
2017-03-21,9.16,9.23,9.25,9.06,23137223.0,212054318.95
2017-03-22,9.16,9.17,9.27,9.03,32729082.0,299535241.82
2017-03-23,9.17,9.05,9.3,8.95,38643569.0,352328873.41
2017-03-24,9.02,8.83,9.05,8.82,36233781.0,322226516.59
2017-03-27,8.81,8.92,9.01,8.79,23003016.0,204714155.83
2017-03-28,8.9,9.09,9.24,8.9,46088422.0,420951226.41
2017-03-29,9.09,9.04,9.2,9.02,31642257.0,288469215.26
2017-03-30,8.98,8.67,8.99,8.63,38376791.0,335587445.09
2017-03-31,8.64,9.01,9.05,8.64,43411472.0,387344468.47
2017-04-05,9.02,9.42,9.52,8.96,65115213.0,610249671.75
2017-04-06,9.43,9.39,9.45,9.24,47271011.0,440757059.16
2017-04-07,9.38,9.26,9.52,9.25,31606753.0,296256467.27
2017-04-10,9.26,9.15,9.42,9.09,32810152.0,303343934.09
2017-04-11,9.25,9.12,9.49,8.62,52167616.0,479421694.42
2017-04-12,9.01,8.88,9.11,8.86,28367139.0,254092149.65
2017-04-13,8.85,8.96,9.05,8.81,31061337.0,277133328.32
2017-04-14,8.9,8.41,8.97,8.36,47707605.0,411830814.75
2017-04-17,8.33,8.35,8.52,8.26,26575818.0,222984025.22
2017-04-18,8.26,7.84,8.4,7.73,49530679.0,395581759.98
2017-04-19,7.78,7.94,7.95,7.55,35671356.0,274981580.95
2017-04-20,7.92,7.65,7.94,7.52,35783000.0,275752800.08
2017-04-21,7.69,7.6,7.8,7.6,24369848.0,187324191.51
2017-04-24,7.19,6.84,7.36,6.84,49055018.0,343532539.45
2017-04-25,6.83,6.77,6.93,6.67,32358230.0,220424854.99
2017-04-26,6.81,6.96,7.04,6.81,31493156.0,219019622.17
2017-04-27,6.96,6.97,7.02,6.68,32346842.0,222136693.59
2017-04-28,6.94,7.09,7.17,6.88,24904734.0,176576709.15
2017-05-02,7.08,7.26,7.36,7.06,27413514.0,198741856.6
2017-05-03,7.24,7.19,7.33,7.13,18004156.0,129587537.25
2017-05-04,7.19,7.07,7.22,7.04,18027471.0,128419581.25
2017-05-05,7.08,6.97,7.13,6.97,15948250.0,112385251.98
2017-05-08,6.96,6.79,7.06,6.79,16546975.0,114959741.32
2017-05-09,6.79,6.77,6.82,6.45,25294214.0,168722552.74
2017-05-10,6.78,6.52,6.87,6.49,25095305.0,167416653.66
2017-05-11,6.51,6.59,6.61,6.4,21241427.0,137987314.88
2017-05-12,6.58,6.57,6.64,6.5,12880017.0,84577376.52
2017-05-15,6.59,6.56,6.64,6.5,12535068.0,82647396.95
2017-05-16,6.54,7.04,7.17,6.49,35431511.0,241063419.8
2017-05-17,6.99,6.9,7.06,6.85,28041142.0,194820370.23
2017-05-18,6.83,6.73,6.92,6.7,18916901.0,128538868.05
2017-05-19,6.76,6.68,6.86,6.59,16493911.0,110612750.54
2017-05-22,6.65,6.55,6.71,6.51,15106797.0,99596751.85
2017-05-23,6.54,6.5,6.67,6.5,18706048.0,123089912.83
2017-05-24,6.41,6.56,6.56,6.41,14702139.0,95533911.53
2017-05-25,6.56,6.62,6.68,6.4,19964921.0,130488785.32
2017-05-26,6.64,6.63,6.69,6.58,13486233.0,89373362.94
2017-05-31,6.71,6.68,6.83,6.67,17251344.0,116068097.15
2017-06-01,6.64,6.37,6.71,6.11,19699836.0,128315388.92
2017-06-02,6.38,6.4,6.42,6.11,23860025.0,148687035.93
2017-06-05,6.4,6.59,6.64,6.4,21795559.0,142858214.3
2017-06-06,6.58,6.55,6.58,6.48,11979623.0,78246252.03
2017-06-07,6.61,6.77,6.79,6.56,27426872.0,184304960.69
2017-06-08,6.77,6.72,6.91,6.71,27318206.0,186418607.89
2017-06-09,6.67,6.77,6.8,6.67,18061394.0,121763778.41
2017-06-12,6.71,6.64,6.75,6.59,17139244.0,114016337.3
2017-06-13,6.64,7.11,7.22,6.63,57799224.0,407069168.45
2017-06-14,7.11,7.15,7.44,7.07,60514466.0,439426616.49
2017-06-15,7.17,7.34,7.38,7.09,36459857.0,263271056.8
2017-06-16,7.31,7.24,7.46,7.2,36141323.0,264955999.37
2017-06-19,7.22,7.18,7.25,7.11,22907290.0,163977411.44
2017-06-20,7.22,7.63,7.82,7.22,59146682.0,442090025.73
2017-06-21,7.55,7.54,7.61,7.45,28060689.0,210967666.75
2017-06-22,7.53,7.35,7.8,7.34,37595773.0,286037146.03
2017-06-23,7.35,7.44,7.48,7.09,32272846.0,235611481.68
2017-06-26,7.37,7.44,7.56,7.29,27739168.0,205844566.17
2017-06-27,7.4,7.25,7.43,7.24,25379530.0,185691297.67
2017-06-28,7.24,7.18,7.29,7.15,15962555.0,115191428.96
2017-06-29,7.19,7.22,7.33,7.19,15328398.0,111409545.69
2017-06-30,7.22,7.43,7.49,7.12,28647337.0,209928988.76
2017-07-03,7.43,7.62,7.62,7.37,37200282.0,280189189.43
2017-07-04,7.58,7.89,8.24,7.57,60768681.0,483997704.62
2017-07-05,7.87,8.01,8.12,7.76,49004670.0,389995458.47
2017-07-06,8.0,8.08,8.41,7.95,64752977.0,531670227.14
2017-07-07,8.12,8.12,8.23,7.95,39828160.0,321698718.11
2017-07-10,8.03,8.25,8.44,8.03,52026549.0,430132903.71
2017-07-11,8.14,7.81,8.24,7.76,39511555.0,316946410.68
2017-07-12,7.84,8.59,8.59,7.84,83433326.0,693255721.64
2017-07-13,8.96,8.88,9.17,8.71,133209153.0,1192995155.24
2017-07-14,8.86,9.15,9.43,8.69,110926273.0,1004786662.11
2017-07-17,8.99,8.94,9.42,8.7,87811219.0,801635734.47
2017-07-18,8.77,9.01,9.1,8.65,53937955.0,479819665.58
2017-07-19,8.97,9.41,9.48,8.76,87380724.0,794185779.81
2017-07-20,9.27,9.24,9.83,9.21,88684362.0,842334364.86
2017-07-21,9.19,9.01,9.39,8.93,68653445.0,623122481.63
2017-07-24,9.01,8.46,9.01,8.39,86271973.0,742347374.37
2017-07-25,8.51,8.59,8.59,8.34,45853406.0,388495327.98
2017-07-26,8.57,8.72,8.88,8.39,62679815.0,541957780.46
2017-07-27,8.62,8.5,8.62,8.16,64435270.0,543890130.88
2017-07-28,8.4,8.75,8.83,8.4,51043908.0,443994192.05
2017-07-31,8.67,8.94,8.95,8.55,52289521.0,458942423.41
2017-08-01,8.91,9.01,9.26,8.86,55806879.0,507505242.87
2017-08-02,9.0,8.8,9.18,8.8,41879729.0,374905060.75
2017-08-03,8.67,8.55,8.71,8.39,38274417.0,327502504.56
2017-08-04,8.54,8.22,8.59,8.22,29928087.0,251005399.33
2017-08-07,8.19,8.24,8.38,8.17,19287085.0,159432419.28
2017-08-08,8.24,8.0,8.37,7.98,31856826.0,259284216.34
2017-08-09,8.02,8.17,8.28,8.0,26531539.0,216972805.43
2017-08-10,8.23,7.94,8.23,7.93,26309929.0,211790823.57
2017-08-11,7.93,7.71,8.02,7.66,25391545.0,198734089.3
2017-08-14,7.71,8.02,8.03,7.71,27819672.0,220923084.11
2017-08-15,8.07,8.01,8.21,7.97,34478754.0,279367109.54
2017-08-16,8.01,8.06,8.15,7.89,19167047.0,153698018.5
2017-08-17,8.06,8.08,8.12,7.97,17896567.0,143938226.63
2017-08-18,8.0,7.93,8.04,7.91,13990770.0,111217587.04
2017-08-21,7.93,7.94,8.02,7.91,12451202.0,98970315.5
2017-08-22,7.83,7.73,7.87,7.46,47518602.0,363544073.75
2017-08-23,7.71,7.58,7.8,7.53,23971889.0,183180523.95
2017-08-24,7.65,7.41,7.65,7.4,21918730.0,163737964.84
2017-08-25,7.41,7.52,7.6,7.41,18101525.0,135944971.08
2017-08-28,7.54,7.72,7.74,7.52,25488585.0,195628975.26
2017-08-29,7.72,7.57,7.72,7.55,19146961.0,145624842.15
2017-08-30,7.63,7.57,7.7,7.52,26124154.0,199012368.35
2017-08-31,7.58,7.68,7.74,7.58,30363468.0,232766810.44
2017-09-01,7.67,8.14,8.21,7.67,63059142.0,504416665.3
2017-09-04,8.16,8.39,8.52,8.16,64772005.0,543036964.87
2017-09-05,8.42,8.89,9.19,8.29,87456453.0,761644470.82
2017-09-06,8.85,8.96,9.34,8.72,101023137.0,916716785.13
2017-09-07,8.92,8.92,9.17,8.9,52508815.0,473313654.92
2017-09-08,8.9,8.93,9.22,8.88,41275391.0,372796338.85
2017-09-11,9.3,9.83,9.83,9.26,118829688.0,1136836814.68
2017-09-12,10.11,9.56,10.51,9.24,164118695.0,1643294453.14
2017-09-13,9.55,9.69,9.76,9.26,89116004.0,854439137.57
2017-09-14,9.72,9.8,10.39,9.66,85704028.0,853142385.63
2017-09-15,9.76,9.92,10.02,9.55,57257300.0,562450199.39
2017-09-18,9.93,9.75,9.93,9.52,45280537.0,440351514.99
2017-09-19,9.77,9.33,10.0,9.32,74545026.0,714800992.76
2017-09-20,9.39,9.64,9.64,9.12,56297692.0,529977674.43
2017-09-21,9.75,9.28,9.82,9.26,48936978.0,462836567.77
2017-09-22,9.22,9.09,9.41,9.0,35968495.0,330849998.72
2017-09-25,9.14,9.11,9.28,8.99,28638629.0,261245807.49
2017-09-26,9.01,9.27,9.31,9.01,29912383.0,275562400.18
2017-09-27,9.26,9.65,9.75,9.2,55634476.0,532741961.02
2017-09-28,9.55,9.65,9.83,9.5,36369930.0,352931101.06
2017-09-29,9.68,9.65,10.02,9.48,37271413.0,363533447.81
2017-10-09,9.66,9.55,9.85,9.38,29508848.0,280671622.15
2017-10-10,9.55,9.38,9.59,9.29,22959917.0,216303677.81
2017-10-11,9.36,9.14,9.36,8.94,38675886.0,352712757.35
2017-10-12,9.14,8.79,9.15,8.79,40198331.0,358289024.7
2017-10-13,8.86,8.88,9.0,8.85,26904651.0,240184526.24
2017-10-16,8.88,8.76,8.99,8.74,22748999.0,200905513.87
2017-10-17,8.77,8.56,8.84,8.47,27711017.0,239551642.11
2017-10-18,8.57,8.39,8.66,8.33,22612198.0,191536849.54
2017-10-19,8.37,8.45,8.6,8.32,20614643.0,174714099.21
2017-10-20,8.48,8.92,8.92,8.46,35920230.0,316276107.35
2017-10-23,8.92,8.86,8.95,8.74,21912620.0,193404787.22
2017-10-24,8.83,8.85,8.93,8.69,21018217.0,185013166.23
2017-10-25,8.78,8.55,8.84,8.47,32507939.0,278323952.63
2017-10-26,8.54,8.39,8.54,8.22,41677059.0,347300195.52
2017-10-27,8.38,8.43,8.52,8.26,27391161.0,231005680.96
2017-10-30,8.43,8.35,8.44,8.15,22304456.0,185079899.4
2017-10-31,8.3,8.66,8.72,8.26,34791216.0,296234662.21
2017-11-01,8.61,8.58,8.73,8.5,26799247.0,230813513.07
2017-11-02,8.56,8.46,8.61,8.37,17411187.0,147636750.15
2017-11-03,8.46,8.18,8.48,8.14,35696632.0,295216440.5
2017-11-06,8.15,8.27,8.33,8.15,21256533.0,175547592.02
2017-11-07,8.27,8.39,8.42,8.15,21898262.0,181446656.58
2017-11-08,8.35,8.83,9.0,8.35,52143043.0,457660564.3
2017-11-09,8.93,8.89,8.99,8.77,28987889.0,257092426.4
2017-11-10,8.96,8.78,8.96,8.72,26358255.0,233352917.87
2017-11-13,8.84,9.05,9.2,8.84,52522614.0,475835136.37
2017-11-14,9.05,9.02,9.33,8.92,41898624.0,382808050.22
2017-11-15,8.95,8.28,8.95,8.13,57081651.0,479532236.64
2017-11-16,8.26,7.77,8.26,7.76,61210681.0,481880016.56
2017-11-17,7.76,7.77,7.94,7.69,33480492.0,261784574.05
2017-11-20,7.78,7.92,7.93,7.49,18992561.0,147961303.48
2017-11-21,7.96,7.89,8.15,7.8,24625623.0,196526826.88
2017-11-22,7.85,7.98,8.2,7.78,24749262.0,197995094.25
2017-11-23,7.89,7.76,8.1,7.74,22162902.0,176057760.31
2017-11-24,7.76,7.85,7.91,7.61,18634433.0,144662426.05
2017-11-27,7.84,7.73,7.96,7.69,19502530.0,153439658.41
2017-11-28,7.73,7.89,7.92,7.64,14569965.0,113362554.96
2017-11-29,7.85,7.74,7.92,7.61,22488940.0,173560400.43
2017-11-30,7.67,7.61,7.8,7.59,15925419.0,122132108.33
2017-12-01,7.62,7.61,7.7,7.53,15268340.0,116176151.95
2017-12-04,7.69,7.54,7.71,7.53,14135370.0,107693397.06
2017-12-05,7.49,7.22,7.58,7.17,31441558.0,229980692.02
2017-12-06,7.23,7.37,7.38,7.18,13234663.0,96676806.55
2017-12-07,7.36,7.39,7.48,7.36,10697504.0,79532626.48
2017-12-08,7.33,7.56,7.61,7.33,13302127.0,100228010.65
2017-12-11,7.51,7.65,7.7,7.51,11973135.0,91568816.48
2017-12-12,7.64,7.84,8.02,7.64,30902125.0,244551309.76
2017-12-13,7.79,7.86,7.9,7.75,14681861.0,114807164.92
2017-12-14,7.86,7.97,8.04,7.83,19732398.0,157337445.7
2017-12-15,7.95,7.93,8.02,7.9,12562406.0,99970622.35
2017-12-18,7.91,7.9,8.05,7.78,11368564.0,90078785.65
2017-12-19,7.81,7.91,7.99,7.81,6684641.0,52969762.67
2017-12-20,7.87,7.91,8.01,7.87,7336391.0,58332469.0
2017-12-21,7.92,8.06,8.1,7.89,18413349.0,147769172.4
2017-12-22,8.06,8.24,8.41,8.03,22119872.0,183570462.03
2017-12-25,8.21,8.34,8.36,8.16,16398185.0,136077025.22
2017-12-26,8.31,8.09,8.41,7.87,25493969.0,207959306.09
2017-12-27,8.12,8.28,8.36,8.09,27364976.0,226271698.05
2017-12-28,8.13,8.15,8.37,8.13,17720829.0,146671743.45
2017-12-29,8.18,8.3,8.41,8.18,14605411.0,121497028.84
2018-01-02,8.39,8.66,8.69,8.39,25105291.0,216678876.21
2018-01-03,8.73,8.94,9.08,8.67,39329685.0,351608661.98
2018-01-04,8.86,8.9,9.33,8.78,38566632.0,347549718.55
2018-01-05,9.02,8.96,9.1,8.79,24272469.0,217568372.91
2018-01-08,8.99,9.01,9.22,8.96,26246232.0,238678717.15
2018-01-09,9.02,8.63,9.1,8.59,35816322.0,311702954.77
2018-01-10,8.71,8.59,8.77,8.49,22660125.0,194630199.53
2018-01-11,8.62,8.48,8.65,8.43,15630927.0,132863804.7
2018-01-12,8.42,8.51,8.63,8.42,15483263.0,131907860.25
2018-01-15,8.49,8.3,8.52,8.03,29330368.0,242103753.04
2018-01-16,8.2,8.08,8.24,8.03,16425472.0,133297039.41
2018-01-17,7.99,8.16,8.28,7.99,18937050.0,154369339.55
2018-01-18,8.12,8.16,8.33,8.11,17613957.0,145296715.53
2018-01-19,8.16,8.24,8.3,8.16,9384764.0,77490160.54
2018-01-22,8.22,8.07,8.3,8.03,20037847.0,162916944.28
2018-01-23,8.07,7.83,8.17,7.79,27366305.0,216986354.98
2018-01-24,7.87,8.19,8.2,7.71,28080440.0,224356076.45
2018-01-25,8.18,8.27,8.53,8.13,24308403.0,203246803.26
2018-01-26,8.28,8.09,8.28,7.99,19603042.0,158207596.54
2018-01-29,8.09,7.91,8.09,7.86,13653780.0,108054521.56
2018-01-30,7.88,8.05,8.15,7.88,13657303.0,110212372.52
2018-01-31,8.03,7.75,8.03,7.65,20936101.0,162140784.08
2018-02-01,7.75,7.56,7.91,7.56,12817634.0,98810132.59
2018-02-02,7.57,7.83,7.87,7.49,15915071.0,123706487.51
2018-02-05,7.76,7.74,7.84,7.68,7404614.0,57438871.86
2018-02-06,7.67,7.59,7.85,7.56,15312511.0,118087906.78
2018-02-07,7.69,7.82,7.85,7.58,13556680.0,104899477.46
2018-02-08,7.76,8.14,8.21,7.73,19197779.0,154523305.48
2018-02-09,8.02,7.88,8.34,7.87,29208020.0,237956565.3
2018-02-12,8.12,8.59,8.64,7.99,40345540.0,339666225.96
2018-02-13,8.63,8.61,8.85,8.4,25733570.0,222241186.14
2018-02-14,8.61,8.55,8.73,8.44,17367171.0,149057898.03
2018-02-22,8.61,8.8,8.86,8.46,31762129.0,276835488.18
2018-02-23,8.68,8.48,8.86,8.43,28352098.0,242304554.6
2018-02-26,8.57,8.54,8.57,8.26,37728713.0,317515917.56
2018-02-27,8.54,8.32,8.54,8.23,34249091.0,285097399.63
2018-02-28,8.12,8.17,8.2,7.79,38914052.0,310462316.76
2018-03-01,8.11,8.24,8.34,8.0,22067580.0,181644159.57
2018-03-02,8.17,8.68,9.02,8.17,64208802.0,559989059.44
2018-03-05,8.7,8.72,8.82,8.57,36140023.0,313855443.51
2018-03-06,8.73,8.57,8.75,8.48,27813020.0,238170157.28
2018-03-07,8.64,8.76,8.9,8.55,47231201.0,413507471.97
2018-03-08,8.29,8.42,8.52,8.21,47016405.0,394412537.07
2018-03-09,8.33,8.41,8.45,8.21,31992835.0,266521468.59
2018-03-12,8.42,9.25,9.25,8.41,96961527.0,874134350.02
2018-03-13,9.25,9.23,9.35,9.08,64686958.0,596689352.24
2018-03-14,9.23,9.03,9.5,9.03,64005102.0,595398657.11
2018-03-15,9.13,9.29,9.3,8.99,40879467.0,374076020.64
2018-03-16,9.38,9.19,9.46,9.01,32087531.0,295985821.91
2018-03-19,9.08,9.11,9.26,8.95,22983410.0,210078656.44
2018-03-20,9.02,8.98,9.15,8.79,27070506.0,241515066.52
2018-03-21,8.85,8.73,8.85,8.55,62662909.0,545112161.98
2018-03-22,8.64,8.5,8.69,8.48,34769025.0,297897383.22
2018-03-23,8.18,8.08,8.37,7.98,32184249.0,262274855.6
2018-03-26,7.99,8.14,8.21,7.91,36287781.0,293317149.42
2018-03-27,8.31,8.58,8.6,8.3,59803472.0,508803544.84
2018-03-28,8.45,8.32,8.52,8.31,20602468.0,173527392.9
2018-03-29,8.41,8.37,8.56,8.34,16035786.0,134939325.52
2018-03-30,8.41,8.44,8.52,8.37,20932300.0,176988930.19
2018-04-02,8.49,8.52,8.63,8.49,19015261.0,162398384.04
2018-04-03,8.3,8.31,8.45,8.23,14645395.0,121848138.5
2018-04-04,8.38,8.37,8.53,8.32,12138237.0,102382619.91
2018-04-09,8.32,8.19,8.41,8.14,19475060.0,159908029.75
2018-04-10,8.2,8.24,8.25,8.07,17213940.0,140606797.19
2018-04-11,8.23,8.32,8.48,8.17,25846220.0,215312884.1
2018-04-12,8.22,8.18,8.32,8.17,12865622.0,105855131.03
2018-04-13,8.21,8.11,8.28,8.07,15014436.0,122477888.76
2018-04-16,8.11,7.91,8.11,7.85,19632800.0,156436752.08
2018-04-17,7.94,7.91,8.05,7.85,13800879.0,109574076.4
2018-04-18,8.02,7.94,8.02,7.8,14783836.0,116769312.74
2018-04-19,7.91,8.0,8.06,7.91,14976734.0,119948355.84
2018-04-20,7.97,7.94,8.03,7.89,11513004.0,91555687.94
2018-04-23,7.94,7.78,8.0,7.69,12413158.0,97179060.4
2018-04-24,7.76,7.93,7.94,7.7,13312403.0,104420156.97
2018-04-25,7.91,7.75,7.91,7.66,22099897.0,171525774.53
2018-04-26,7.72,7.59,7.83,7.55,16579047.0,126306856.82
2018-04-27,7.65,7.33,7.65,7.22,36145750.0,266653581.28
2018-05-02,7.33,7.26,7.46,7.22,22805290.0,166709889.81
2018-05-03,7.26,7.17,7.3,7.01,35627727.0,253175966.57
2018-05-04,7.24,7.26,7.37,7.1,35089568.0,254459420.92
2018-05-07,7.27,7.68,7.81,7.27,50549787.0,382686941.36
2018-05-08,7.67,7.69,7.81,7.61,34147636.0,262802462.13
2018-05-09,7.65,7.72,7.78,7.65,23254525.0,179667679.82
2018-05-10,7.74,7.87,7.93,7.72,36107174.0,283552362.47
2018-05-11,7.89,8.01,8.12,7.85,48655909.0,391453272.0
2018-05-14,7.97,7.91,8.18,7.89,33264489.0,267214119.21
2018-05-15,7.89,8.09,8.17,7.89,36369254.0,293642755.13
2018-05-16,8.05,8.0,8.16,7.98,24143943.0,194836145.8
2018-05-17,7.98,7.93,8.11,7.88,18380478.0,146654086.15
2018-05-18,7.98,8.06,8.11,7.95,18751453.0,150830693.28
2018-05-21,8.14,8.13,8.3,8.09,25910566.0,212543844.31
2018-05-22,8.13,8.09,8.21,7.89,25003139.0,201244351.28
2018-05-23,8.06,7.87,8.09,7.81,28065500.0,222076554.0
2018-05-24,7.8,8.04,8.08,7.8,32760812.0,261372130.86
2018-05-25,7.96,7.78,7.99,7.76,23301654.0,182473517.16
2018-05-28,7.68,7.76,7.87,7.68,16164727.0,126131381.16
2018-05-29,7.83,7.82,7.99,7.7,19727529.0,155338393.4
2018-05-30,7.73,7.43,7.81,7.4,26651140.0,201353869.18
2018-05-31,7.46,7.55,7.62,7.41,12261954.0,92267084.05
2018-06-01,7.51,7.42,7.51,7.39,15272417.0,113661363.53
2018-06-04,7.44,7.13,7.49,7.08,36717744.0,263267679.81
2018-06-05,7.16,7.36,7.46,7.16,22529245.0,164395381.92
2018-06-06,7.37,7.86,8.07,7.37,57221571.0,447033242.8
2018-06-07,7.85,7.75,7.93,7.69,29361954.0,228810090.7
2018-06-08,7.68,7.59,7.74,7.49,26504783.0,201306580.2
2018-06-11,7.54,7.5,7.69,7.41,23005147.0,173828608.26
2018-06-12,7.51,7.44,7.56,7.24,23681021.0,174874935.55
2018-06-13,7.44,7.24,7.44,7.22,17606202.0,128596271.58
2018-06-14,7.25,7.32,7.36,7.21,12975934.0,94723367.76
2018-06-15,7.26,7.18,7.34,7.14,16504686.0,118941552.73
2018-06-19,7.09,6.81,7.09,6.48,27304895.0,185751493.74
2018-06-20,6.77,6.89,7.01,6.7,22244387.0,152842087.16
2018-06-21,6.88,6.6,6.88,6.57,17158967.0,115461588.92
2018-06-22,6.59,6.76,6.89,6.43,23306119.0,156909491.59
2018-06-25,6.88,6.77,6.95,6.77,19563242.0,133638488.28
2018-06-26,6.62,6.8,6.94,6.58,22645201.0,154215021.1
2018-06-27,6.81,6.85,7.0,6.81,19978481.0,137717919.72
2018-06-28,6.85,6.72,7.0,6.68,20830204.0,143121951.74
2018-06-29,6.7,6.96,7.0,6.7,22083273.0,152250027.99
2018-07-02,6.94,6.84,6.98,6.78,17102753.0,117837579.0
2018-07-03,6.84,6.92,6.95,6.68,18610259.0,127315503.86
2018-07-04,6.92,6.75,6.93,6.69,12205535.0,82971690.99
2018-07-05,6.75,6.49,6.81,6.44,17120784.0,113921085.83
2018-07-06,6.53,6.63,6.77,6.5,20375252.0,135171405.79
2018-07-09,6.66,6.83,6.83,6.66,14194648.0,96302155.65
2018-07-10,6.83,6.9,6.99,6.83,20221212.0,139536183.69
2018-07-11,6.86,6.92,7.06,6.71,26402854.0,182000900.4
2018-07-12,6.83,7.04,7.09,6.77,33686564.0,235257135.27
2018-07-13,7.01,6.98,7.06,6.93,20053679.0,139917961.47
2018-07-16,6.97,6.88,7.02,6.85,16542170.0,113946265.24
2018-07-17,6.79,6.67,6.79,6.48,51847347.0,341575575.24
2018-07-18,6.64,6.59,6.69,6.58,20022369.0,132851627.47
2018-07-19,6.59,6.61,6.67,6.55,15037301.0,99534368.42
2018-07-20,6.61,6.63,6.66,6.53,17566063.0,116197651.56
2018-07-23,6.63,6.82,6.82,6.6,29197110.0,197404369.4
2018-07-24,6.78,6.84,6.84,6.76,28445712.0,193501619.88
2018-07-25,6.82,6.67,6.84,6.67,22861629.0,154143967.72
2018-07-26,6.69,6.58,6.7,6.57,17260482.0,114006991.66
2018-07-27,6.58,6.59,6.63,6.54,11163347.0,73592175.0
2018-07-30,6.53,6.51,6.61,6.49,16083132.0,105024898.6
2018-07-31,6.51,5.86,6.53,5.86,57624093.0,344465577.15
2018-08-01,5.71,5.46,5.71,5.27,85856015.0,463083199.22
2018-08-02,5.28,5.16,5.31,5.05,43799190.0,227357815.47
2018-08-03,5.13,5.11,5.27,5.1,20764030.0,107461011.75
2018-08-06,4.99,4.74,5.04,4.72,32128282.0,155440400.28
2018-08-07,4.84,4.9,4.91,4.69,29196922.0,140723739.91
2018-08-08,4.96,4.92,4.99,4.84,25931511.0,127806113.01
2018-08-09,4.89,5.0,5.05,4.87,25418619.0,126765260.04
2018-08-10,4.96,4.97,5.03,4.92,17693514.0,88037900.4
2018-08-13,4.9,4.94,4.98,4.81,22019101.0,107395223.92
2018-08-14,4.93,4.96,5.04,4.92,20947502.0,104545380.34
2018-08-15,4.97,4.8,4.99,4.77,19629501.0,95381993.72
2018-08-16,4.73,4.73,4.82,4.62,17639550.0,83422460.51
2018-08-17,4.82,4.77,4.95,4.74,22791025.0,110564052.93
2018-08-20,4.74,4.8,4.8,4.64,18087440.0,85347709.56
2018-08-21,4.79,4.75,4.8,4.7,23798803.0,113057584.07
2018-08-22,4.75,4.57,4.75,4.57,25644565.0,118901651.52
2018-08-23,4.59,4.67,4.69,4.58,21471558.0,99641317.32
2018-08-24,4.68,4.59,4.69,4.59,15102088.0,69870818.06
2018-08-27,4.59,4.69,4.69,4.59,20064270.0,93591423.86
2018-08-28,4.7,4.85,4.89,4.7,38583214.0,186351499.17
2018-08-29,4.81,4.71,4.83,4.7,25483064.0,121086092.63
2018-08-30,4.7,4.61,4.7,4.61,17388044.0,80498588.13
2018-08-31,4.58,4.4,4.59,4.36,24614944.0,109223241.71
2018-09-03,4.42,4.18,4.42,4.08,32753282.0,137034799.33
2018-09-04,4.07,4.26,4.33,4.07,27814515.0,118345413.23
2018-09-05,4.26,4.24,4.4,4.24,30771347.0,132912295.38
2018-09-06,4.21,4.22,4.28,4.18,15737629.0,66599964.85
2018-09-07,4.22,4.22,4.33,4.17,15052391.0,64007062.04
2018-09-10,4.24,4.02,4.24,3.99,21445078.0,87565885.05
2018-09-11,4.03,4.07,4.1,3.97,17905771.0,72464998.54
2018-09-12,4.11,4.18,4.24,4.05,26263864.0,109280867.12
2018-09-13,4.22,4.18,4.26,4.12,17046141.0,71291437.48
2018-09-14,4.2,4.25,4.35,4.19,36772478.0,157766601.49
2018-09-17,4.21,4.08,4.21,4.06,17475689.0,71702295.7
2018-09-18,4.03,4.24,4.26,4.03,19372785.0,80735058.25
2018-09-19,4.24,4.35,4.4,4.16,37300642.0,160906430.27
2018-09-20,4.42,4.54,4.77,4.41,57158968.0,261412596.63
2018-09-21,4.52,4.65,4.71,4.43,53157899.0,243713425.35
2018-09-25,4.56,4.57,4.61,4.5,33754521.0,153639723.77
2018-09-26,4.57,4.54,4.61,4.51,26463297.0,120654739.29
2018-09-27,4.52,4.42,4.57,4.4,26135316.0,116765599.15
2018-09-28,4.44,4.47,4.49,4.39,17532801.0,78076478.34
2018-10-08,4.38,4.15,4.38,4.14,19578150.0,83139620.72
2018-10-09,4.18,4.19,4.27,4.14,19715018.0,82773241.97
2018-10-10,4.23,4.11,4.26,4.07,26433586.0,109436816.74
2018-10-11,3.95,3.7,3.97,3.7,38003572.0,144128463.07
2018-10-12,3.66,3.53,3.66,3.36,35284436.0,123419750.19
2018-10-15,3.57,3.45,3.61,3.43,18425108.0,65096330.0
2018-10-16,3.49,3.36,3.5,3.32,19895177.0,67858549.12
2018-10-17,3.41,3.42,3.44,3.3,18949644.0,64305944.38
2018-10-18,3.39,3.32,3.42,3.31,15989268.0,53636143.46
2018-10-19,3.24,3.4,3.42,3.21,20495333.0,68595657.75
2018-10-22,3.45,3.57,3.62,3.45,30787352.0,109214827.35
2018-10-23,3.59,3.46,3.59,3.4,24617557.0,86002702.11
2018-10-24,3.46,3.6,3.79,3.45,35760191.0,127969792.08
2018-10-25,3.47,3.71,3.72,3.41,43814219.0,157878829.07
2018-10-26,3.71,3.63,3.71,3.6,30042956.0,109675699.29
2018-10-29,3.61,3.5,3.61,3.5,15533427.0,55181013.59
2018-10-30,3.45,3.56,3.61,3.45,20416642.0,72255625.58
2018-10-31,3.57,3.61,3.67,3.55,23274201.0,84206832.4
2018-11-01,3.63,3.6,3.71,3.56,30451718.0,110940518.63
2018-11-02,3.65,3.84,3.89,3.63,51261707.0,192621071.8
2018-11-05,3.81,3.89,3.94,3.77,43264085.0,167230992.32
2018-11-06,3.89,3.81,3.89,3.76,22687800.0,86405815.06
2018-11-07,3.89,3.87,3.99,3.85,37016729.0,145017297.3
2018-11-08,3.9,3.77,3.92,3.75,22396046.0,85683619.76
2018-11-09,3.77,3.75,3.82,3.74,11930739.0,45028406.97
2018-11-12,3.74,3.87,3.87,3.74,21709904.0,83178286.62
2018-11-13,3.84,3.92,3.95,3.81,28394113.0,110627467.22
2018-11-14,3.95,3.86,3.95,3.85,23782798.0,92756818.71
2018-11-15,3.87,3.95,3.96,3.86,23618126.0,92472484.54
2018-11-16,3.94,4.29,4.33,3.94,71474682.0,299023767.13
2018-11-19,4.24,4.22,4.34,4.16,46362327.0,195417048.17
2018-11-20,4.17,4.07,4.22,4.07,38150794.0,157288755.7
2018-11-21,4.0,4.12,4.17,3.97,24900020.0,101979047.33
2018-11-22,4.12,4.05,4.17,3.99,20688139.0,84083038.5
2018-11-23,4.04,3.82,4.07,3.78,24521515.0,95620914.79
2018-11-26,3.82,3.74,3.86,3.7,15305071.0,57741140.72
2018-11-27,3.75,3.8,3.86,3.75,13663941.0,52031105.9
2018-11-28,3.81,4.15,4.17,3.81,55235104.0,222982444.87
2018-11-29,4.17,4.2,4.3,4.1,71648081.0,302455398.57
2018-11-30,4.25,4.41,4.43,4.14,68861495.0,298064672.43
2018-12-03,4.57,4.48,4.6,4.41,67331491.0,302617035.66
2018-12-04,4.44,4.41,4.47,4.34,37301883.0,164095512.48
2018-12-05,4.28,4.35,4.47,4.28,37006678.0,161961956.55
2018-12-06,4.33,4.45,4.5,4.32,58229035.0,257701125.63
2018-12-07,4.42,4.37,4.46,4.33,36396267.0,159428097.83
2018-12-10,4.32,4.5,4.51,4.32,41209512.0,183763755.32
2018-12-11,4.5,4.61,4.62,4.42,46175365.0,209573533.07
2018-12-12,4.63,4.64,4.77,4.57,53970070.0,251823683.16
2018-12-13,4.62,4.57,4.71,4.55,35304654.0,162823477.4
2018-12-14,4.57,4.45,4.6,4.45,26087736.0,118202806.5
2018-12-17,4.45,4.48,4.53,4.38,21005408.0,93887406.92
2018-12-18,4.45,4.41,4.5,4.31,22093272.0,96915996.84
2018-12-19,4.43,4.4,4.46,4.37,14008942.0,61996293.84
2018-12-20,4.37,4.38,4.45,4.33,15743920.0,69030092.76
2018-12-21,4.36,4.26,4.36,4.18,24436467.0,104166947.5
2018-12-24,4.24,4.3,4.33,4.22,13662475.0,58563290.1
2018-12-25,4.29,4.13,4.29,3.97,30711312.0,126088354.03
2018-12-26,4.1,4.08,4.19,4.04,15567378.0,64119872.0
2018-12-27,4.14,3.95,4.16,3.93,20810424.0,84492392.35
2018-12-28,3.99,3.93,4.04,3.9,15168325.0,60063599.9
2019-01-02,3.93,3.87,3.96,3.86,13127188.0,51171502.66
2019-01-03,3.87,3.88,3.92,3.79,17946922.0,69525771.06
2019-01-04,3.8,3.94,3.96,3.77,24592317.0,95641987.02
2019-01-07,3.97,4.06,4.06,3.92,27474719.0,109757424.32
2019-01-08,4.06,4.21,4.25,4.02,37359326.0,156115077.95
2019-01-09,4.24,4.09,4.24,4.04,36780853.0,151051642.98
2019-01-10,4.05,4.09,4.13,4.05,14078283.0,57614938.91
2019-01-11,4.06,4.05,4.11,3.97,16164420.0,65111895.34
2019-01-14,4.04,4.13,4.2,3.99,25126551.0,103183579.7
2019-01-15,4.12,4.15,4.19,4.09,13840604.0,57343611.31
2019-01-16,4.16,4.11,4.18,4.1,9053404.0,37368829.0
2019-01-17,4.11,3.97,4.11,3.97,13161922.0,52927380.62
2019-01-18,3.95,4.01,4.04,3.95,12574115.0,50245755.38
2019-01-21,4.01,4.08,4.12,4.01,15998447.0,65112535.54
2019-01-22,4.07,4.02,4.12,4.0,13197460.0,53617190.58
2019-01-23,4.02,4.42,4.42,4.02,41190634.0,178649193.25
2019-01-24,4.57,4.56,4.65,4.44,92788499.0,421485570.07
2019-01-25,4.52,4.66,4.86,4.45,76568174.0,356682990.46
2019-01-28,4.65,4.68,4.86,4.6,49277599.0,233078941.54
2019-01-29,4.68,4.58,4.76,4.51,40152561.0,186055099.15
2019-01-30,4.62,4.68,4.81,4.58,44096545.0,207751043.15
2019-01-31,4.59,4.61,4.76,4.55,39624474.0,182982565.58
2019-02-01,4.66,4.99,5.01,4.63,61868111.0,300511843.72
2019-02-11,4.97,5.14,5.17,4.92,51314127.0,259094393.82
2019-02-12,5.11,5.12,5.3,5.0,52205685.0,267155883.95
2019-02-13,5.08,5.13,5.2,5.04,44602281.0,227977427.61
2019-02-14,5.08,5.33,5.44,5.06,51748455.0,273693499.68
2019-02-15,5.24,5.16,5.34,5.13,39841395.0,208265788.36
2019-02-18,5.21,5.35,5.35,5.09,41971462.0,218919764.62
2019-02-19,5.33,5.25,5.51,5.16,50666468.0,269658235.5
2019-02-20,5.21,5.21,5.35,5.13,30691845.0,160492351.76
2019-02-21,5.15,5.09,5.22,5.0,45610147.0,233283276.07
2019-02-22,5.06,5.14,5.16,5.02,25364599.0,129571527.72
2019-02-25,5.18,5.65,5.65,5.18,75763137.0,414527389.73
2019-02-26,5.62,5.97,6.17,5.44,69718720.0,411354689.44
2019-02-27,5.84,6.06,6.39,5.84,54597887.0,335488026.54
2019-02-28,6.06,5.99,6.31,5.95,44126388.0,270403677.84
2019-03-01,6.19,6.22,6.3,6.05,36728642.0,226704933.39
2019-03-04,6.2,6.17,6.46,6.07,56144728.0,348727821.35
2019-03-05,6.13,6.09,6.13,5.94,55321222.0,333363704.78
2019-03-06,6.04,6.05,6.15,5.93,46330703.0,278412959.83
2019-03-07,5.99,6.01,6.1,5.94,42780435.0,256853957.37
2019-03-08,5.83,5.73,5.96,5.7,34837858.0,202671070.75
2019-03-11,5.64,6.05,6.05,5.64,42148186.0,250862260.94
2019-03-12,6.16,6.17,6.45,6.1,62003964.0,390494699.21
2019-03-13,6.19,6.14,6.38,6.07,42819442.0,266905086.13
2019-03-14,6.13,6.03,6.37,5.95,31541925.0,193850941.24
2019-03-15,6.14,5.98,6.15,5.89,25064157.0,150221454.44
2019-03-18,6.02,6.1,6.1,5.93,21080681.0,127110582.19
2019-03-19,6.07,6.06,6.22,6.02,18202944.0,110824066.22
2019-03-20,6.06,5.91,6.1,5.76,25428532.0,149613448.79
2019-03-21,5.99,6.07,6.28,5.99,47930141.0,293439073.12
2019-03-22,6.17,6.35,6.39,6.09,75500775.0,475405878.58
2019-03-25,6.17,6.24,6.59,6.17,61097521.0,392163488.41
2019-03-26,6.31,5.88,6.35,5.86,50395643.0,306291010.1
2019-03-27,5.91,5.6,6.03,5.55,49666856.0,284378537.75
2019-03-28,5.6,5.49,5.66,5.4,30698769.0,169797027.77
2019-03-29,5.49,5.65,5.66,5.4,27452996.0,152296539.37
2019-04-01,5.62,5.82,5.83,5.6,31632917.0,182302196.74
2019-04-02,5.86,5.79,5.88,5.69,33404834.0,192710130.71
2019-04-03,5.8,5.68,5.8,5.59,33490819.0,189231460.03
2019-04-04,5.71,5.6,5.71,5.55,35864023.0,201419691.01
2019-04-08,5.67,6.1,6.13,5.49,89283457.0,517600209.43
2019-04-09,6.08,5.82,6.08,5.77,59265873.0,346681232.99
2019-04-10,5.79,5.7,5.79,5.62,27850247.0,158257374.24
2019-04-11,5.64,5.59,5.69,5.58,21223283.0,119553825.14
2019-04-12,5.59,5.59,5.66,5.55,15217934.0,85232394.95
2019-04-15,5.65,5.5,5.67,5.5,21302647.0,119105754.68
2019-04-16,5.51,5.47,5.51,5.21,37203834.0,198676265.3
2019-04-17,5.48,5.75,5.86,5.48,62503944.0,356778693.74
2019-04-18,5.75,5.62,5.75,5.59,20838278.0,117902968.4
2019-04-19,5.61,5.61,5.66,5.55,14693293.0,82226744.4
2019-04-22,5.61,5.48,5.68,5.47,19703600.0,109844972.88
2019-04-23,5.51,5.36,5.55,5.32,21574707.0,116040782.06
2019-04-24,5.34,5.41,5.42,5.31,13662227.0,73303165.69
2019-04-25,5.37,5.25,5.41,5.14,21785602.0,114324408.97
2019-04-26,5.22,5.17,5.23,5.09,14644798.0,75312581.8
2019-04-29,5.14,5.22,5.23,4.77,30844729.0,155344807.04
2019-04-30,5.14,5.13,5.26,5.04,15351835.0,79147329.35
2019-05-06,5.07,4.81,5.07,4.74,26103278.0,127253821.94
2019-05-07,4.82,4.67,4.87,4.53,20404165.0,96571692.36
2019-05-08,4.54,4.65,4.74,4.54,11668692.0,54250868.83
2019-05-09,4.6,4.63,4.69,4.6,10377739.0,48218134.33
2019-05-10,4.67,4.7,4.75,4.54,16789662.0,78646879.69
2019-05-13,4.7,4.72,4.75,4.62,15440285.0,72660556.33
2019-05-14,4.63,4.61,4.72,4.61,9823553.0,45784664.04
2019-05-15,4.64,4.65,4.69,4.62,11640756.0,54102844.9
2019-05-16,4.67,4.74,4.76,4.64,13715342.0,64716872.26
2019-05-17,4.73,4.53,4.78,4.53,22214262.0,102616536.36
2019-05-20,4.49,4.55,4.57,4.23,18790883.0,82192743.4
2019-05-21,4.53,4.61,4.62,4.44,15048681.0,68592300.26
2019-05-22,4.61,4.46,4.62,4.45,12537771.0,56792929.14
2019-05-23,4.45,4.25,4.46,4.24,15010043.0,65116828.83
2019-05-24,4.22,4.22,4.4,4.22,16487604.0,70698195.74
2019-05-27,4.26,4.36,4.38,4.23,13318566.0,57513176.76
2019-05-28,4.32,4.32,4.47,4.3,16214166.0,71044652.6
2019-05-29,4.34,4.38,4.42,4.31,11993216.0,52533102.26
2019-05-30,4.32,4.39,4.4,4.32,10584091.0,46143810.68
2019-05-31,4.38,4.3,4.39,4.28,10808759.0,46761980.51
2019-06-03,4.32,4.22,4.34,4.2,10486043.0,44483110.53
2019-06-04,4.24,4.14,4.25,4.1,11366237.0,47095874.0
2019-06-05,4.18,4.19,4.26,4.18,11959441.0,50426249.29
2019-06-06,4.19,4.12,4.25,4.11,10560191.0,44049484.0
2019-06-10,4.17,4.27,4.32,3.99,14297663.0,60522308.0
2019-06-11,4.32,4.37,4.38,4.21,15454532.0,66719505.02
2019-06-12,4.34,4.3,4.39,4.28,12303494.0,53235080.44
2019-06-13,4.3,4.31,4.34,4.23,11894417.0,51025717.63
2019-06-14,4.31,4.26,4.34,4.24,10939149.0,46881231.44
2019-06-17,4.26,4.25,4.29,4.21,4935299.0,21033892.82
2019-06-18,4.24,4.24,4.31,4.22,7242596.0,30754477.44
2019-06-19,4.35,4.29,4.35,4.27,12589888.0,54140695.0
2019-06-20,4.27,4.29,4.33,4.23,16503736.0,70688762.36
2019-06-21,4.3,4.4,4.43,4.3,19312343.0,84756049.58
2019-06-24,4.37,4.42,4.45,4.36,11687420.0,51398627.8
2019-06-25,4.42,4.33,4.43,4.26,16834144.0,72939363.3
2019-06-26,4.31,4.37,4.41,4.3,12967340.0,56715991.14
2019-06-27,4.43,4.48,4.57,4.37,31304373.0,139713249.98
2019-06-28,4.46,4.39,4.46,4.35,13494280.0,59329155.76
2019-07-01,4.46,4.64,4.68,4.41,28669728.0,130784097.57
2019-07-02,4.61,4.72,4.8,4.58,30804333.0,145282916.29
2019-07-03,4.68,4.75,4.79,4.57,25531813.0,119524955.29
2019-07-04,4.73,4.69,4.78,4.64,16472982.0,77137652.97
2019-07-05,4.69,4.8,4.84,4.6,19642896.0,93637305.23
2019-07-08,4.77,4.71,4.87,4.63,18895770.0,89409756.11
2019-07-09,4.77,4.93,4.97,4.63,30038844.0,145064875.72
2019-07-10,4.9,4.95,5.04,4.81,26413973.0,130421970.03
2019-07-11,4.91,5.06,5.15,4.9,25698887.0,129458828.53
2019-07-12,5.13,5.05,5.3,5.01,51053452.0,263692690.82
2019-07-15,4.81,4.68,4.81,4.54,54495125.0,254150332.45
2019-07-16,4.7,4.72,4.78,4.51,33535598.0,156150614.58
2019-07-17,4.71,4.91,4.97,4.64,48027290.0,232342909.54
2019-07-18,4.89,4.79,4.89,4.72,23392268.0,112254613.22
2019-07-19,4.77,4.71,4.84,4.68,16636026.0,79165752.56
2019-07-22,4.65,4.72,4.77,4.58,17574381.0,82082841.62
2019-07-23,4.67,4.85,4.86,4.64,21413748.0,102344979.04
2019-07-24,4.85,4.81,4.89,4.78,11611651.0,56125161.53
2019-07-25,4.79,4.86,4.88,4.75,14084768.0,68072903.87
2019-07-26,4.85,4.83,4.88,4.8,8540473.0,41424134.63
2019-07-29,4.81,4.82,4.91,4.78,9537199.0,46021385.67
2019-07-30,4.79,4.78,4.84,4.77,8244407.0,39657565.8
2019-07-31,4.81,4.79,4.83,4.73,9761505.0,46806799.75
2019-08-01,4.75,4.91,5.05,4.74,19714022.0,97305815.26
2019-08-02,4.81,4.86,5.03,4.78,17775518.0,87166185.77
2019-08-05,4.86,4.81,4.91,4.76,12517563.0,60299249.69
2019-08-06,4.72,4.72,4.79,4.6,14282277.0,67092188.35
2019-08-07,4.81,4.76,4.89,4.74,11157292.0,53734429.14
2019-08-08,4.74,4.78,4.85,4.7,8778303.0,41855966.6
2019-08-09,4.78,4.69,4.82,4.61,11750603.0,55161586.27
2019-08-12,4.69,4.67,4.72,4.6,6214695.0,28909654.69
2019-08-13,4.63,4.6,4.67,4.6,8545256.0,39503821.4
2019-08-14,4.67,4.69,4.75,4.61,9941633.0,46600564.93
2019-08-15,4.62,4.63,4.69,4.59,5958071.0,27588320.51
2019-08-16,4.63,4.67,4.75,4.61,7053798.0,33075363.58
2019-08-19,4.69,4.74,4.75,4.67,9489365.0,44782470.56
2019-08-20,4.74,4.87,5.01,4.72,18805012.0,91488843.54
2019-08-21,4.83,4.8,4.89,4.79,8725168.0,42225574.87
2019-08-22,4.83,4.75,4.83,4.72,7943640.0,37796515.2
2019-08-23,4.78,4.84,4.91,4.74,10676375.0,51631327.83
2019-08-26,4.72,4.84,4.86,4.69,8960918.0,43051062.29
2019-08-27,4.85,4.89,4.92,4.82,12231464.0,59742485.58
2019-08-28,4.91,4.93,4.98,4.85,13858972.0,68084992.49
2019-08-29,4.92,4.78,4.94,4.78,9772893.0,47265069.42
2019-08-30,4.83,4.8,4.83,4.71,12491470.0,59403823.67
2019-09-02,4.78,5.0,5.04,4.76,26210014.0,129676497.24
2019-09-03,5.0,4.94,5.04,4.91,12815007.0,63328317.31
2019-09-04,4.99,5.06,5.08,4.93,20996621.0,105406392.9
2019-09-05,5.06,5.11,5.18,5.01,23379983.0,119465957.06
2019-09-06,5.13,5.1,5.16,5.04,10919015.0,55579036.32
2019-09-09,5.11,5.25,5.26,5.08,19426954.0,100934058.93
2019-09-10,5.25,5.18,5.38,5.16,21963424.0,115337690.7
2019-09-11,5.18,5.22,5.33,5.14,18131944.0,94626789.71
2019-09-12,5.22,5.26,5.3,5.16,13005161.0,68031087.14
2019-09-16,5.33,5.2,5.33,5.15,13363282.0,69557330.93
2019-09-17,5.21,5.04,5.25,5.04,11767969.0,60159028.26
2019-09-18,5.06,5.06,5.14,5.05,6324567.0,32144952.75
2019-09-19,5.06,5.1,5.14,5.04,6880406.0,35040902.16
2019-09-20,5.14,4.96,5.14,4.95,17282273.0,86186837.82
2019-09-23,4.96,4.85,4.96,4.81,11709591.0,56775093.4
2019-09-24,4.85,4.82,4.88,4.81,9968627.0,48226106.08
2019-09-25,4.82,4.94,5.01,4.72,16483574.0,80750437.93
2019-09-26,4.91,4.81,4.98,4.81,10335410.0,50250286.54
2019-09-27,4.8,4.75,4.85,4.74,8573036.0,41113625.14
2019-09-30,4.75,4.65,4.79,4.65,7592471.0,35652733.12
2019-10-08,4.65,4.79,4.85,4.65,7972607.0,38020999.0
2019-10-09,4.73,4.82,4.84,4.73,5637676.0,27083900.57
2019-10-10,4.81,4.88,4.94,4.81,7316201.0,35739731.3
2019-10-11,4.88,4.79,4.9,4.77,6499782.0,31247459.73
2019-10-14,4.82,4.81,4.86,4.81,5382360.0,25988737.25
2019-10-15,4.81,4.86,4.93,4.71,10930922.0,52941181.97
2019-10-16,4.82,4.92,4.97,4.82,11641016.0,57011923.94
2019-10-17,4.91,4.81,4.93,4.8,6505111.0,31515312.2
2019-10-18,4.83,4.77,4.85,4.72,8723215.0,41730537.84
2019-10-21,4.79,4.76,4.79,4.72,2465324.0,11715786.27
2019-10-22,4.76,4.79,4.85,4.76,3375965.0,16183991.36
2019-10-23,4.79,4.71,4.81,4.7,3786534.0,17950715.99
2019-10-24,4.71,4.72,4.75,4.7,3175020.0,14982564.52
2019-10-25,4.7,4.74,4.76,4.7,3393410.0,16073274.6
2019-10-28,4.74,4.84,4.85,4.72,8530462.0,40957634.04
2019-10-29,4.79,4.82,4.85,4.77,7665427.0,36844592.45
2019-10-30,4.65,4.71,4.79,4.64,4152666.0,19586620.4
2019-10-31,4.71,4.92,4.95,4.71,14876765.0,72306283.05
2019-11-01,4.9,4.89,4.95,4.86,8689952.0,42494584.77
2019-11-04,4.89,4.94,4.97,4.86,10237889.0,50491064.47
2019-11-05,4.94,5.13,5.2,4.9,25829833.0,130846217.35
2019-11-06,5.09,5.13,5.36,5.07,34960874.0,182611976.61
2019-11-07,5.13,5.0,5.17,4.98,19450006.0,97974191.64
2019-11-08,5.03,5.01,5.17,5.01,13084925.0,66321175.78
2019-11-11,4.98,4.89,5.07,4.87,13152642.0,65214828.34
2019-11-12,4.86,4.92,4.96,4.76,8777647.0,42757121.69
2019-11-13,4.88,4.93,4.93,4.79,10003448.0,48570058.1
2019-11-14,4.89,4.94,4.99,4.86,11621734.0,57363983.71
2019-11-15,4.98,4.8,5.02,4.75,19250784.0,94298142.85
2019-11-18,4.86,4.82,4.86,4.78,7512738.0,36132077.71
2019-11-19,4.81,5.03,5.06,4.79,18224185.0,90449878.51
2019-11-20,5.03,5.05,5.11,4.97,17540216.0,88711779.64
2019-11-21,4.99,4.97,5.08,4.91,11556315.0,57679615.06
2019-11-22,5.1,4.97,5.17,4.83,19438099.0,97515549.2
2019-11-25,4.94,4.89,4.94,4.82,9839669.0,47911479.33
2019-11-26,4.89,4.89,4.93,4.85,11690831.0,57237263.95
2019-11-27,4.86,4.82,4.92,4.74,11000098.0,53118135.23
2019-11-28,4.79,5.04,5.06,4.78,21159352.0,105023564.6
2019-11-29,5.05,5.03,5.09,4.95,13908677.0,69838073.27
2019-12-02,5.01,5.16,5.2,5.0,19660880.0,101106490.68
2019-12-03,5.16,5.16,5.18,5.09,11566073.0,59475506.53
2019-12-04,5.17,5.09,5.3,5.07,22523480.0,115947285.05
2019-12-05,5.08,5.18,5.21,5.04,18787698.0,96453227.39
2019-12-06,5.18,5.3,5.3,5.11,29148110.0,152611806.56
2019-12-09,5.28,5.22,5.28,5.16,18853752.0,98125148.36
2019-12-10,5.18,5.3,5.32,5.14,28344972.0,148786177.65
2019-12-11,5.26,5.2,5.41,5.19,20620831.0,109226592.77
2019-12-12,5.23,5.14,5.24,5.13,12670867.0,65595468.71
2019-12-13,5.18,5.48,5.49,5.16,43800851.0,234325211.17
2019-12-16,5.5,5.59,5.66,5.43,40243144.0,222511480.45
2019-12-17,5.59,5.67,5.87,5.58,45866781.0,262209516.13
2019-12-18,5.62,5.58,5.66,5.52,28222613.0,157407331.75
2019-12-19,5.59,5.6,5.64,5.5,17466405.0,97183428.4
2019-12-20,5.58,5.6,5.73,5.58,26280062.0,148441739.67
2019-12-23,5.6,5.74,5.84,5.48,36869590.0,210670461.27
2019-12-24,5.81,6.07,6.08,5.71,58004486.0,344766043.41
2019-12-25,6.05,5.99,6.17,5.9,42352101.0,254694619.64
2019-12-26,6.01,6.08,6.11,5.89,29992967.0,180785063.23
2019-12-27,6.03,6.03,6.25,6.0,36063626.0,219995655.69
2019-12-30,5.91,6.03,6.15,5.91,24988629.0,150592026.17
2019-12-31,6.0,6.03,6.17,5.95,25438370.0,153756394.15
2020-01-02,6.08,6.16,6.16,6.01,31564574.0,192832047.5
2020-01-03,6.14,6.08,6.25,6.06,28825548.0,176875904.13
2020-01-06,6.06,6.65,6.69,6.06,84341219.0,549238588.0
2020-01-07,6.64,6.6,6.74,6.5,36606171.0,241294508.97
2020-01-08,6.68,6.64,6.89,6.51,44019306.0,295235410.12
2020-01-09,6.8,7.12,7.22,6.7,55639959.0,389709919.78
2020-01-10,7.09,6.89,7.11,6.74,39771756.0,273970484.65
2020-01-13,6.99,6.97,7.04,6.81,34677010.0,240014897.78
2020-01-14,7.05,7.02,7.3,6.92,42389727.0,300562089.84
2020-01-15,6.99,7.03,7.07,6.8,31922187.0,221891689.81
2020-01-16,6.98,6.95,7.1,6.82,21326589.0,148174820.4
2020-01-17,6.98,7.06,7.18,6.88,27179915.0,191220896.29
2020-01-20,6.99,7.07,7.08,6.72,29404346.0,203294151.21
2020-01-21,6.89,6.98,7.13,6.89,26634454.0,186691288.31
2020-01-22,6.9,7.67,7.67,6.83,53633688.0,398818918.46
2020-01-23,7.54,7.33,7.89,7.0,58429287.0,439596948.98
2020-02-03,6.59,6.71,7.08,6.59,51326436.0,348513737.02
2020-02-04,6.9,7.38,7.38,6.9,21088594.0,154486549.61
2020-02-05,8.03,8.11,8.11,7.65,65936054.0,527527086.67
2020-02-06,7.72,8.93,8.93,7.69,97042485.0,842054398.9
2020-02-07,9.28,8.48,9.28,8.36,74883987.0,648940637.78
2020-02-10,8.6,8.78,8.9,8.35,55871533.0,484942967.76
2020-02-11,8.68,8.76,9.18,8.55,53164308.0,469384676.23
2020-02-12,8.53,9.03,9.16,8.53,58462550.0,526246981.78
2020-02-13,8.97,8.97,9.35,8.8,48038407.0,434458540.28
2020-02-14,9.14,8.72,9.17,8.63,39417658.0,347000419.74
2020-02-17,8.66,8.94,8.99,8.66,39174843.0,346866595.2
2020-02-18,8.96,9.01,9.41,8.88,54577426.0,494896119.76
2020-02-19,9.91,9.58,9.91,9.23,142807734.0,1396055998.2
2020-02-20,9.8,9.19,9.8,9.05,136969264.0,1272265715.9
2020-02-21,8.99,8.81,9.01,8.65,82138672.0,725014563.76
2020-02-24,8.59,8.65,8.98,8.48,79675710.0,694630147.33
2020-02-25,8.36,8.79,8.94,8.18,80666705.0,691730124.93
2020-02-26,8.62,8.19,8.72,8.15,56589064.0,478417625.16
2020-02-27,8.27,7.99,8.34,7.95,41652057.0,336572475.85
2020-02-28,7.4,7.19,7.65,7.19,69403961.0,509277656.42
2020-03-02,7.28,7.33,7.47,6.99,49419379.0,359135628.88
2020-03-03,7.53,7.55,7.91,7.37,61018223.0,465860434.59
2020-03-04,7.44,7.48,7.65,7.3,33553689.0,250576411.91
2020-03-05,7.6,7.45,7.63,7.34,43200206.0,321962617.82
2020-03-06,7.38,7.49,7.66,7.29,33704427.0,252667422.72
2020-03-09,7.31,7.03,7.42,6.93,44437673.0,317363622.61
2020-03-10,7.05,7.31,7.31,7.0,33808232.0,242296520.16
2020-03-11,7.4,7.33,7.6,7.22,54446614.0,402154528.62
2020-03-12,7.15,7.11,7.24,7.02,21602934.0,153701896.38
2020-03-13,6.69,6.85,6.97,6.58,54492347.0,369317639.83
2020-03-16,6.87,6.29,6.89,6.26,55484771.0,360910452.97
2020-03-17,6.31,6.24,6.51,5.98,31760592.0,197349261.34
2020-03-18,6.33,6.11,6.4,6.09,30721883.0,191850363.08
2020-03-19,6.15,6.09,6.17,5.9,35245642.0,213005080.62
2020-03-20,6.23,6.1,6.33,6.01,34035916.0,208857786.05
2020-03-23,5.91,5.7,5.99,5.65,33799281.0,195859391.97
2020-03-24,5.83,5.83,5.94,5.62,30133124.0,174659878.67
2020-03-25,6.03,6.06,6.2,5.91,38352952.0,233075614.54
2020-03-26,6.08,5.91,6.1,5.88,20531028.0,122935284.75
2020-03-27,6.0,5.81,6.04,5.81,24819192.0,146431847.59
2020-03-30,5.68,5.69,5.79,5.43,30002745.0,167825386.4
2020-03-31,5.7,5.69,5.77,5.62,18319073.0,104342298.31
2020-04-01,5.76,5.8,6.03,5.71,36668071.0,214641057.84
2020-04-02,5.76,6.13,6.14,5.74,41200613.0,245603545.48
2020-04-03,6.15,6.05,6.17,6.03,21124016.0,128459627.33
2020-04-07,6.32,6.65,6.65,6.24,53218122.0,348743120.54
2020-04-08,6.55,6.59,6.76,6.51,35221213.0,232954611.91
2020-04-09,6.66,6.59,6.68,6.54,17407038.0,114694045.21
2020-04-10,6.59,6.5,7.05,6.43,53770535.0,361435588.67
2020-04-13,6.43,6.57,6.84,6.23,46685287.0,307955009.42
2020-04-14,6.82,7.02,7.2,6.82,60316812.0,423710704.41
2020-04-15,7.02,7.47,7.72,7.02,77882864.0,583830999.35
2020-04-16,7.33,7.46,7.64,7.33,49285838.0,368660746.11
2020-04-17,7.53,7.33,7.63,7.31,42068655.0,313111709.27
2020-04-20,7.35,7.62,7.63,7.2,35893018.0,269244142.36
2020-04-21,7.65,7.63,7.7,7.44,30908645.0,234072044.47
2020-04-22,7.54,7.52,7.58,7.43,20201475.0,151346619.43
2020-04-23,7.55,7.53,7.72,7.49,24786430.0,188299472.9
2020-04-24,7.57,7.47,7.71,7.47,19169355.0,145310120.14
2020-04-27,7.6,7.38,7.61,7.37,19125844.0,142888809.31
2020-04-28,7.46,7.63,7.69,7.25,38852240.0,292499882.48
2020-04-29,7.53,7.75,7.83,7.49,28331949.0,216652663.23
2020-04-30,8.17,8.0,8.52,7.89,64892700.0,529690620.63
2020-05-06,7.93,7.84,8.08,7.51,64084988.0,495595778.37
2020-05-07,7.72,7.73,7.79,7.59,27837749.0,214685174.74
2020-05-08,7.83,7.95,8.01,7.78,29484780.0,232698535.1
2020-05-11,8.11,7.83,8.11,7.81,23323985.0,185044360.96
2020-05-12,7.79,7.87,8.01,7.75,15165677.0,119204405.61
2020-05-13,7.83,7.97,8.03,7.75,20968845.0,166434365.56
2020-05-14,7.92,8.1,8.12,7.89,26864137.0,216203530.6
2020-05-15,8.13,8.28,8.35,8.08,30645058.0,253007992.01
2020-05-18,8.22,8.13,8.27,8.0,22348443.0,180933815.08
2020-05-19,8.15,8.23,8.33,8.15,15065175.0,124205828.57
2020-05-20,8.39,7.95,8.64,7.9,43675021.0,362766373.19
2020-05-21,7.95,7.87,8.03,7.76,24407516.0,192895777.5
2020-05-22,7.89,7.56,7.89,7.51,20611643.0,157613400.49
2020-05-25,7.49,7.35,7.53,7.29,15073659.0,111309679.82
2020-05-26,7.39,7.93,8.01,7.36,33673695.0,263281255.52
2020-05-27,7.97,8.44,8.45,7.97,44188366.0,366828947.84
2020-05-28,8.34,7.92,8.39,7.81,31180303.0,250769642.44
2020-05-29,8.03,8.15,8.21,7.9,32305698.0,260186966.54
2020-06-01,8.15,8.29,8.39,8.09,27106729.0,224361235.46
2020-06-02,8.27,8.36,8.41,8.19,24674791.0,204928574.93
2020-06-03,8.29,8.19,8.35,8.16,15135909.0,124668533.71
2020-06-04,8.23,8.34,8.63,8.19,29035131.0,244134499.98
2020-06-05,8.29,8.43,8.48,8.22,20131764.0,169258206.04
2020-06-08,8.45,8.59,8.67,8.45,22689391.0,194409901.16
2020-06-09,8.78,8.73,8.99,8.65,38777893.0,342089394.9
2020-06-10,8.79,8.83,8.97,8.65,22614825.0,198633454.2
2020-06-11,8.91,8.61,9.06,8.55,28216608.0,248419267.33
2020-06-12,8.34,8.48,8.59,8.3,24515977.0,206881852.1
2020-06-15,8.4,8.43,8.68,8.37,21097174.0,179380307.98
2020-06-16,8.6,8.64,8.72,8.51,16665234.0,143585403.13
2020-06-17,8.67,8.58,8.71,8.48,12287160.0,105234156.46
2020-06-18,8.73,8.75,8.83,8.55,15843380.0,137670132.61
2020-06-19,8.76,9.4,9.41,8.7,51092177.0,467983009.31
2020-06-22,9.46,9.75,9.9,9.36,47175679.0,456851485.41
2020-06-23,9.63,9.84,9.91,9.57,26339073.0,256995229.27
2020-06-24,9.94,9.78,9.98,9.6,20980572.0,204950334.8
2020-06-29,9.92,9.97,10.09,9.8,27508722.0,273501467.78
2020-06-30,9.96,9.86,10.09,9.65,28689252.0,282268582.47
2020-07-01,10.0,9.87,10.09,9.73,23999917.0,238431916.19
2020-07-02,9.96,9.72,10.01,9.71,27464755.0,269607855.12
2020-07-03,9.87,10.04,10.09,9.73,36953290.0,366756294.69
2020-07-06,10.04,11.04,11.05,10.04,54819062.0,589565369.58
2020-07-07,11.96,12.14,12.14,11.73,44068514.0,531348999.5
2020-07-08,12.25,12.46,12.53,11.99,75543084.0,930417009.88
2020-07-09,12.38,12.66,12.96,12.11,53403340.0,670000254.67
2020-07-10,12.25,12.22,12.53,12.1,42494675.0,522180695.34
2020-07-13,12.34,12.63,12.89,12.3,47982133.0,605570295.1
2020-07-14,12.6,12.42,12.9,12.08,60420057.0,754641257.05
2020-07-15,12.54,12.3,12.78,12.11,44074085.0,547226529.67
2020-07-16,12.54,12.02,12.78,11.97,59256023.0,738058032.68
2020-07-17,11.93,11.62,12.31,11.38,60810067.0,715450970.52
2020-07-20,11.96,11.68,12.01,11.17,50800298.0,584642096.14
2020-07-21,11.9,11.9,12.11,11.59,44652234.0,530026962.05
2020-07-22,11.87,11.91,12.13,11.73,37464473.0,446873194.06
2020-07-23,11.73,11.92,12.15,11.52,45079709.0,532907386.06
2020-07-24,11.72,11.11,11.78,10.87,57807905.0,652695947.03
2020-07-27,11.08,10.76,11.27,10.5,53375640.0,577213895.82
2020-07-28,11.0,10.96,11.17,10.65,32742226.0,357905972.31
2020-07-29,11.04,11.17,11.25,10.91,35231650.0,390852696.14
2020-07-30,11.22,11.03,11.32,10.96,26183990.0,289725707.67
2020-07-31,10.97,11.08,11.46,10.95,34442780.0,384915702.75
2020-08-03,11.35,11.38,11.45,11.1,40995253.0,461722795.21
2020-08-04,11.45,11.24,11.68,11.14,49326653.0,560946514.44
2020-08-05,11.09,11.1,11.35,10.99,40499196.0,449108423.52
2020-08-06,11.09,11.27,11.58,11.08,57642300.0,650430176.72
2020-08-07,11.17,11.51,11.78,11.05,60244229.0,689930325.38
2020-08-10,11.32,10.56,11.37,10.36,82283172.0,873255311.86
2020-08-11,10.41,10.55,11.03,10.4,45962626.0,497226023.35
2020-08-12,10.7,10.76,10.87,10.36,36725086.0,389709775.84
2020-08-13,10.87,10.59,11.16,10.51,36654820.0,393711927.6
2020-08-14,10.68,10.87,11.0,10.59,36800219.0,397682621.72
2020-08-17,10.91,11.21,11.23,10.8,39221695.0,433061741.11
2020-08-18,11.27,11.97,12.16,11.27,64603294.0,758445202.07
2020-08-19,11.97,11.69,12.51,11.61,81823359.0,982011578.23
2020-08-20,11.78,11.85,11.93,11.61,41915308.0,493938441.63
2020-08-21,11.89,11.68,12.04,11.49,43041573.0,505797205.79
2020-08-24,11.9,12.07,12.19,11.71,42951389.0,515282146.12
2020-08-25,12.19,11.99,12.19,11.67,32717875.0,390015259.27
2020-08-26,11.99,11.65,11.99,11.52,28336839.0,331722184.62
2020-08-27,11.66,11.75,11.96,11.63,26577645.0,313852420.32
2020-08-28,11.75,12.03,12.18,11.65,45179755.0,541500600.38
2020-08-31,11.87,11.77,11.96,11.46,35364192.0,415472667.97
2020-09-01,11.67,12.31,12.57,11.67,74149026.0,910009990.63
2020-09-02,12.47,13.01,13.25,12.25,69784860.0,887510805.18
2020-09-03,13.59,12.66,13.93,12.51,92203996.0,1211291352.92
2020-09-04,12.34,11.96,12.86,11.69,62160487.0,751149454.13
2020-09-07,12.2,11.93,12.54,11.82,46680672.0,569749827.65
2020-09-08,11.87,11.81,12.11,11.57,30888317.0,366053359.0
2020-09-09,11.54,11.04,11.78,10.99,40472638.0,457606830.16
2020-09-10,11.38,11.28,11.52,11.03,30825868.0,348971487.92
2020-09-11,11.26,11.73,11.81,11.06,38119644.0,438988916.43
2020-09-14,11.87,12.46,12.69,11.76,60002798.0,743177452.68
2020-09-15,12.46,13.35,13.41,12.31,61595694.0,805255371.26
2020-09-16,13.36,13.66,13.97,13.21,57418974.0,782024789.12
2020-09-17,13.6,14.27,14.53,13.53,55683504.0,782268030.31
2020-09-18,14.26,14.5,14.77,14.01,54712580.0,787354226.16
2020-09-21,14.69,14.53,15.17,14.45,52507639.0,773247106.32
2020-09-22,14.32,14.32,14.82,14.26,45775361.0,662482684.82
2020-09-23,14.53,14.31,14.54,13.53,48607023.0,684303044.85
2020-09-24,14.29,13.97,14.53,13.91,41352020.0,584631341.77
2020-09-25,14.13,14.78,15.02,14.08,55731928.0,812580658.33
2020-09-28,14.88,14.93,15.4,14.72,42409332.0,636625579.43
2020-09-29,15.12,14.88,15.16,14.58,36649795.0,547153781.05
2020-09-30,15.01,15.08,15.23,14.76,29561202.0,442733859.51
2020-10-09,15.68,16.59,16.59,15.27,48082464.0,777197932.42
2020-10-12,17.15,17.95,18.14,17.09,68744542.0,1209447494.79
2020-10-13,17.6,18.46,18.48,17.01,51124703.0,912351870.59
2020-10-14,18.34,18.21,18.69,17.95,48175500.0,881739601.74
2020-10-15,18.41,17.98,19.1,17.95,49140757.0,901630750.45
2020-10-16,18.3,17.5,18.59,17.36,59408947.0,1057678507.8
2020-10-19,17.79,17.35,17.89,17.21,36800665.0,642763820.45
2020-10-20,17.33,18.3,18.37,17.12,50234905.0,894389480.28
2020-10-21,18.14,16.47,18.22,16.47,74630732.0,1250177729.14
2020-10-22,16.18,16.08,16.39,15.58,81285659.0,1296494162.23
2020-10-23,16.06,15.74,16.76,15.43,56852597.0,913534196.1
2020-10-26,15.7,16.7,16.73,15.26,49426528.0,797515699.93
2020-10-27,16.33,16.69,16.95,16.0,65758434.0,1077113092.85
2020-10-28,16.71,18.36,18.36,16.57,67544135.0,1176576562.12
2020-10-29,17.88,18.1,19.21,17.71,69247489.0,1276070187.2
2020-10-30,18.35,18.13,18.63,17.44,55925278.0,1012167656.84
2020-11-02,17.97,19.05,19.11,17.88,56132354.0,1037034361.99
2020-11-03,19.05,18.51,19.05,17.79,54251776.0,998040758.17
2020-11-04,18.11,18.16,18.96,17.86,46848868.0,859697157.9
2020-11-05,18.44,19.98,19.98,18.38,61430144.0,1184747509.36
2020-11-06,21.0,21.08,21.53,19.86,75770655.0,1568122871.58
2020-11-09,21.3,21.53,22.36,20.13,80338946.0,1696933326.41
2020-11-10,21.24,21.59,22.64,20.29,68205522.0,1451190252.68
2020-11-11,21.18,21.29,22.75,21.03,60221037.0,1325496165.92
2020-11-12,21.34,22.13,22.15,20.61,50042916.0,1069774313.61
2020-11-13,22.37,23.48,23.98,21.49,73126045.0,1674697320.14
2020-11-16,23.42,22.8,23.42,22.28,51358941.0,1175077139.18
2020-11-17,22.89,21.18,23.24,20.56,75780185.0,1633174708.68
2020-11-18,20.73,20.82,21.59,20.42,41523453.0,865714271.11
2020-11-19,20.8,20.9,21.17,20.36,33771437.0,701639377.93
2020-11-20,20.95,21.67,21.88,20.95,39673044.0,854609022.95
2020-11-23,21.73,23.11,23.57,21.73,53953564.0,1231718527.98
2020-11-24,23.11,24.39,24.63,22.62,50394819.0,1201518600.22
2020-11-25,24.35,24.11,24.69,23.41,36898870.0,888720850.7
2020-11-26,23.93,23.47,24.09,22.48,38300148.0,891232366.63
2020-11-27,23.34,23.24,23.97,22.65,34542254.0,799186474.84
2020-11-30,23.23,22.92,23.23,21.9,49313345.0,1113121242.1
2020-12-01,22.17,21.83,22.17,20.63,77246339.0,1645147233.06
2020-12-02,21.59,21.72,21.99,21.11,43800586.0,943656849.96
2020-12-03,21.44,21.5,21.82,20.87,33671925.0,720234037.3
2020-12-04,21.5,22.16,22.34,21.35,46535993.0,1018059419.57
2020-12-07,22.0,22.34,22.56,21.68,37216055.0,827862452.44
2020-12-08,22.4,24.58,24.58,22.4,42919534.0,1035930663.81
2020-12-09,24.69,25.03,26.04,24.55,76363141.0,1923110484.66
2020-12-10,24.54,25.37,25.96,23.85,66829339.0,1670788660.07
2020-12-11,25.03,24.94,25.35,24.58,41918047.0,1045438799.92
2020-12-14,25.08,27.44,27.44,24.82,65575602.0,1727415119.81
2020-12-15,27.44,27.02,27.9,26.28,50322548.0,1364766966.39
2020-12-16,27.27,27.44,27.53,26.66,43411196.0,1177506873.39
2020-12-17,27.27,28.16,28.59,26.77,49509581.0,1373562072.17
2020-12-18,28.47,29.16,29.9,27.71,56154672.0,1620519349.86
2020-12-21,29.44,30.92,30.92,28.8,49868631.0,1487311991.78
2020-12-22,30.61,28.58,30.72,28.44,64303449.0,1907518112.4
2020-12-23,28.58,28.86,29.69,28.22,55831902.0,1618647122.24
2020-12-24,28.86,28.35,29.63,28.13,41108889.0,1178909786.96
2020-12-25,28.21,29.78,30.1,28.08,51239480.0,1507777493.48
2020-12-28,30.1,29.43,30.19,28.59,43247617.0,1267266864.61
2020-12-29,29.11,29.17,29.9,27.86,47926722.0,1388751447.59
2020-12-30,29.65,29.59,30.63,28.99,66725347.0,1998092571.42
2020-12-31,28.88,30.28,30.48,28.85,47760257.0,1427065413.92
2021-01-04,31.18,33.26,33.29,31.18,62809626.0,2046209528.6
2021-01-05,32.96,34.33,34.67,31.8,58395445.0,1942405934.03
2021-01-06,34.27,32.77,34.33,31.5,65235205.0,2136202845.77
2021-01-07,32.67,33.65,34.13,32.1,43551510.0,1450345879.37
2021-01-08,34.19,34.36,34.57,32.23,46377522.0,1554291272.98
2021-01-11,31.97,30.93,32.96,30.93,57061957.0,1788702243.38
2021-01-12,29.75,30.77,31.53,28.18,94476816.0,2804524447.56
2021-01-13,31.15,31.01,33.13,29.69,74600890.0,2350470193.72
2021-01-14,30.3,29.53,30.8,28.62,47512943.0,1416934781.56
2021-01-15,29.17,32.48,32.48,29.0,69148485.0,2147748210.6
2021-01-18,31.79,32.09,32.83,30.63,65914813.0,2097797581.33
2021-01-19,30.92,30.25,31.63,29.78,53809169.0,1652255272.1
2021-01-20,30.34,30.66,31.62,29.84,43167605.0,1331944371.6
2021-01-21,30.19,31.77,31.96,29.9,52107759.0,1628822411.14
2021-01-22,31.84,33.71,34.22,31.5,56075510.0,1844901379.82
2021-01-25,33.84,33.42,36.05,32.85,75394491.0,2585018863.98
2021-01-26,33.55,30.08,33.83,30.08,88584091.0,2760014387.59
2021-01-27,30.04,30.03,30.6,28.67,61211559.0,1811468190.24
2021-01-28,29.08,28.27,29.45,27.95,49701823.0,1425368638.52
2021-01-29,28.62,27.82,29.4,26.54,59460237.0,1665855390.53
2021-02-01,27.56,27.48,28.34,27.27,42515436.0,1177879600.25
2021-02-02,27.88,30.1,30.14,27.76,63169207.0,1839804594.95
2021-02-03,30.13,30.29,31.02,29.46,55881317.0,1699296261.91
2021-02-04,29.89,28.04,30.55,27.48,65360816.0,1863122413.64
2021-02-05,28.15,28.29,29.37,27.9,44820996.0,1279249948.84
2021-02-08,28.15,28.87,28.97,26.84,45511880.0,1276179738.86
2021-02-09,28.87,29.75,30.3,28.62,45276044.0,1341216258.23
2021-02-10,29.99,29.17,29.99,28.8,35012873.0,1021538597.95
2021-02-18,29.75,27.22,30.19,26.55,76682568.0,2130339233.91
2021-02-19,26.98,27.05,27.21,26.26,42403364.0,1134714045.44
2021-02-22,27.05,27.16,27.98,25.96,51433783.0,1396252720.64
2021-02-23,26.75,25.67,26.75,24.99,66917164.0,1715039176.58
2021-02-24,25.38,24.82,26.31,24.56,45858562.0,1159672917.42
2021-02-25,25.11,25.16,25.49,24.5,37098922.0,932187294.09
2021-02-26,24.21,24.27,24.94,23.36,41304069.0,1001776562.45
2021-03-01,24.59,26.08,26.62,24.59,51399387.0,1335847273.34
2021-03-02,26.54,27.5,27.93,25.96,59282160.0,1610934778.86
2021-03-03,27.12,27.15,27.39,26.1,37548794.0,1011666305.6
2021-03-04,27.02,26.15,27.04,25.67,28673808.0,747761101.78
2021-03-05,25.38,26.22,27.27,25.09,29033324.0,761159534.46
2021-03-08,26.6,25.45,26.89,25.29,26267913.0,687578496.5
2021-03-09,25.1,24.47,25.32,23.22,40462603.0,987421899.36
2021-03-10,25.09,25.84,26.51,24.8,48881074.0,1258494274.52
2021-03-11,25.85,25.91,26.49,25.67,27317172.0,712785977.39
2021-03-12,26.01,26.43,26.81,25.01,32574749.0,848144918.81
2021-03-15,26.11,24.81,26.11,24.36,30582360.0,766687775.6
2021-03-16,24.82,24.64,25.32,24.21,21362986.0,528509792.99
2021-03-17,24.63,27.11,27.11,24.14,42753686.0,1124334790.25
2021-03-18,27.94,27.18,28.11,26.81,40352642.0,1107926975.31
2021-03-19,26.55,24.5,26.63,24.46,58833118.0,1479708983.54
2021-03-22,24.53,24.64,25.08,23.95,29824155.0,732600507.4
2021-03-23,24.84,22.18,24.88,22.18,54808976.0,1252980609.54
2021-03-24,21.62,20.61,21.97,20.48,58859742.0,1235729968.75
2021-03-25,21.29,22.67,22.67,21.0,61321239.0,1353856656.48
2021-03-26,22.58,24.06,24.44,22.0,88003655.0,2045439021.16
2021-03-29,23.65,23.66,24.32,23.36,47825922.0,1135856548.56
2021-03-30,23.66,23.98,24.47,23.4,32963077.0,791186518.78
2021-03-31,24.09,23.81,24.57,23.35,30031136.0,714841263.49
2021-04-01,23.74,24.79,25.67,23.73,43886707.0,1088256309.81
2021-04-02,24.81,25.01,25.81,24.67,33324980.0,839817387.89
2021-04-06,25.26,25.57,25.93,25.23,23797883.0,608297456.93
2021-04-07,25.51,25.74,26.02,24.65,28135601.0,714382781.55
2021-04-08,25.52,25.63,26.01,25.32,20839328.0,534960084.16
2021-04-09,25.73,25.64,26.47,25.29,33668565.0,869506536.12
2021-04-12,25.2,24.05,26.1,23.74,48553817.0,1190726515.39
2021-04-13,24.35,24.25,24.91,23.98,28387813.0,693770685.56
2021-04-14,24.59,25.65,26.09,24.56,49349643.0,1259674733.54
2021-04-15,25.38,26.21,26.41,25.09,33546931.0,863390190.89
2021-04-16,26.4,25.73,26.49,24.79,39461000.0,1006721204.43
2021-04-19,25.93,28.3,28.3,25.93,50651975.0,1398512241.88
2021-04-20,28.47,29.18,30.39,28.35,90822317.0,2662402058.61
2021-04-21,29.48,29.37,29.9,29.17,47355453.0,1396479406.98
2021-04-22,30.09,30.07,30.45,29.44,38468462.0,1153223776.88
2021-04-23,30.19,30.75,31.14,30.04,42173057.0,1292448888.17
2021-04-26,30.79,30.53,31.56,30.13,42333719.0,1305137357.94
2021-04-27,30.81,31.04,32.19,29.77,52332788.0,1624095306.98
2021-04-28,30.25,31.96,32.1,29.51,50958264.0,1582727425.76
2021-04-29,31.55,31.9,32.25,31.3,43119626.0,1370648305.0
2021-04-30,31.8,33.49,34.03,31.6,49477679.0,1642504543.74
2021-05-06,33.74,32.27,34.13,30.64,62046478.0,1992282376.39
2021-05-07,31.62,30.95,32.36,30.84,35427951.0,1117056170.45
2021-05-10,30.74,31.6,32.13,30.38,37154080.0,1169638648.38
2021-05-11,30.96,31.37,31.55,30.47,26255549.0,814378343.29
2021-05-12,31.05,31.65,31.88,30.66,26229626.0,823222654.93
2021-05-13,31.04,30.7,31.17,30.26,26642596.0,816551522.43
2021-05-14,30.92,31.28,31.4,29.91,29509847.0,909988657.79
2021-05-17,31.48,34.41,34.41,31.3,59589147.0,1986620802.78
2021-05-18,34.78,35.72,36.22,34.23,54357888.0,1919358145.85
2021-05-19,35.11,37.61,38.69,35.03,60664828.0,2254675277.49
2021-05-20,37.37,37.61,38.38,37.04,50002369.0,1876607360.39
2021-05-21,38.01,38.53,39.36,37.95,42872372.0,1650885605.29
2021-05-24,38.26,38.25,38.7,37.27,32583184.0,1240886901.3
2021-05-25,38.81,38.26,39.0,37.06,38331939.0,1453946147.05
2021-05-26,38.65,37.49,38.8,37.26,30864699.0,1162402781.27
2021-05-27,38.23,39.75,39.75,37.29,41205369.0,1594292428.4
2021-05-28,41.63,43.4,43.72,40.37,68581713.0,2949303595.24
2021-05-31,44.22,46.43,46.75,43.72,68762873.0,3118380723.73
2021-06-01,45.36,44.54,45.36,43.01,57173005.0,2528951257.78
2021-06-02,44.77,44.88,45.65,43.99,41197493.0,1844080541.42
2021-06-03,44.11,46.16,48.21,43.28,51733678.0,2380600246.01
2021-06-04,46.1,48.59,49.62,45.51,54573806.0,2629846007.22
2021-06-07,47.62,47.66,48.34,46.51,42342496.0,2003600256.32
2021-06-08,47.45,46.39,49.92,44.69,57101722.0,2674273716.72
2021-06-09,46.17,46.28,46.69,44.58,34450746.0,1570999819.92
2021-06-10,46.03,50.03,50.03,45.9,53154807.0,2583890946.52
2021-06-11,49.56,49.19,50.44,47.86,49759034.0,2452470402.4
2021-06-15,49.93,48.63,51.07,47.85,39785577.0,1941301629.28
2021-06-16,47.85,43.77,48.35,43.77,54497583.0,2431295812.51
2021-06-17,42.3,45.06,45.72,42.17,70125062.0,3072458574.37
2021-06-18,45.71,49.57,49.57,45.07,66434816.0,3212344504.83
2021-06-21,51.17,49.47,51.57,48.35,50525587.0,2515575457.93
2021-06-22,50.18,52.67,53.9,48.73,54505328.0,2821609908.95
2021-06-23,52.72,52.81,55.05,51.65,52598878.0,2787113143.99
2021-06-24,53.22,51.07,53.46,50.57,39868136.0,2063082528.64
2021-06-25,51.2,52.14,52.37,49.43,43219536.0,2205612191.26
2021-06-28,51.65,52.14,53.06,50.35,46550030.0,2422099321.49
2021-06-29,53.36,53.11,53.66,51.1,50753792.0,2670276614.21
2021-06-30,52.0,52.95,53.65,51.13,38001705.0,1998931243.04
2021-07-01,52.94,50.64,52.95,49.68,42793669.0,2182595237.52
2021-07-02,49.68,50.16,51.79,49.68,45122514.0,2289457099.72
2021-07-05,50.87,51.42,52.41,49.78,47149007.0,2407342959.93
2021-07-06,52.29,50.59,52.84,48.59,59151958.0,3008552489.21
2021-07-07,49.62,52.8,53.07,48.48,65616707.0,3360782395.65
2021-07-08,53.23,51.42,55.04,51.42,62585245.0,3301808986.59
2021-07-09,50.68,56.56,56.56,49.26,96773727.0,5168255428.38
2021-07-12,56.14,55.95,57.8,53.82,92432127.0,5177242430.75
2021-07-13,55.97,58.32,58.73,55.65,63811362.0,3655758152.83
2021-07-14,57.13,53.11,57.24,52.94,75498318.0,4116537848.05
2021-07-15,52.17,52.71,53.66,51.4,51485409.0,2694585126.59
2021-07-16,52.07,49.18,52.6,49.09,69075771.0,3501904267.94
2021-07-19,48.19,46.38,48.19,45.51,86701911.0,4046835205.8
2021-07-20,46.35,48.12,48.58,45.91,56456319.0,2685653727.24
2021-07-21,48.84,50.72,51.43,48.74,61032663.0,3083743672.47
2021-07-22,51.23,51.29,51.95,49.75,51143484.0,2593497256.59
2021-07-23,53.9,52.12,55.15,51.42,74748980.0,3996131046.44
2021-07-26,52.27,51.17,54.39,49.58,63235202.0,3278988528.44
2021-07-27,50.62,47.48,52.49,46.6,59103460.0,2945547268.64
2021-07-28,46.14,50.22,50.4,46.14,59447705.0,2906753489.73
2021-07-29,51.66,52.0,52.41,50.17,50097502.0,2587881443.32
2021-07-30,51.67,50.15,52.56,49.19,53035654.0,2674557908.42
2021-08-02,51.22,53.81,54.65,51.2,78269278.0,4153964008.85
2021-08-03,53.46,52.41,53.94,50.44,52267251.0,2728766207.42
2021-08-04,52.41,57.66,57.66,52.25,65497845.0,3671596775.27
2021-08-05,58.62,60.04,61.23,56.64,72539936.0,4278020663.58
2021-08-06,62.09,61.31,65.08,60.81,58182368.0,3649820106.65
2021-08-09,60.12,61.95,63.79,57.68,56726222.0,3419922460.18
2021-08-10,61.11,58.62,62.6,56.86,57232463.0,3405896477.6
2021-08-11,59.35,59.46,59.89,56.54,40024022.0,2349164100.64
2021-08-12,58.67,61.23,62.43,58.07,32833922.0,1988992371.14
2021-08-13,59.62,59.42,63.51,59.12,34798564.0,2128046740.98
2021-08-16,59.12,56.72,59.22,55.37,39311054.0,2227775378.98
2021-08-17,56.73,56.47,58.6,56.04,28005097.0,1599589463.49
2021-08-18,57.19,57.99,60.47,56.59,34712121.0,2019753214.11
2021-08-19,57.86,62.0,62.6,56.65,44489848.0,2687273140.58
2021-08-20,62.03,62.9,64.83,61.39,40762275.0,2575367319.52
2021-08-23,63.59,63.61,64.59,61.66,39764314.0,2515585439.54
2021-08-24,67.57,69.97,69.97,67.1,28589502.0,1980913106.09
2021-08-25,71.34,69.11,72.52,67.3,67435621.0,4688646470.66
2021-08-26,69.11,67.37,69.99,66.33,41208116.0,2806937929.42
2021-08-27,66.69,69.16,69.95,66.39,35360780.0,2428219008.84
2021-08-30,69.07,67.62,71.22,66.9,41961527.0,2879693795.47
2021-08-31,67.62,67.67,68.61,66.0,30146938.0,2024764422.94
2021-09-01,67.12,63.98,67.78,62.03,47058993.0,3031857105.79
2021-09-02,63.49,66.57,66.83,63.34,35933995.0,2361230379.8
2021-09-03,66.03,62.5,67.07,61.5,38601081.0,2458174044.64
2021-09-06,62.29,64.79,65.73,59.3,40793606.0,2565968441.75
2021-09-07,64.53,70.59,70.96,64.03,47755772.0,3299703970.92
2021-09-08,70.47,68.6,70.8,67.73,35847976.0,2473925791.21
2021-09-09,69.06,70.06,72.97,67.83,40617893.0,2844422352.01
2021-09-10,69.83,70.99,71.81,68.29,28487745.0,1995616555.04
2021-09-13,70.76,70.26,72.29,68.46,29653714.0,2082712903.47
2021-09-14,70.05,73.67,76.51,68.07,49279076.0,3627073972.67
2021-09-15,74.44,74.52,77.06,73.69,33922219.0,2548642898.03
2021-09-16,73.28,73.93,77.01,72.54,34444213.0,2571654397.17
2021-09-17,73.93,77.03,77.69,72.86,36028832.0,2725872620.25
2021-09-22,75.52,77.12,77.58,74.53,21891721.0,1675022547.08
2021-09-23,78.25,72.03,79.29,70.75,43797723.0,3216613774.51
2021-09-24,71.54,74.56,77.94,70.35,36541191.0,2730658783.54
2021-09-27,74.92,73.31,76.95,71.34,32842567.0,2416723521.07
2021-09-28,73.3,69.7,74.57,69.06,26567933.0,1891791188.93
2021-09-29,69.55,68.71,72.97,68.01,38712938.0,2725262465.33
2021-09-30,69.55,75.58,75.58,68.85,44416220.0,3290706683.33
2021-10-08,77.01,68.56,77.45,68.02,56973277.0,4005379951.86
2021-10-11,68.06,68.44,69.14,62.6,44787338.0,2977528217.2
2021-10-12,67.15,65.53,68.39,64.93,27658094.0,1828913576.07
2021-10-13,65.54,66.26,66.57,64.23,32139265.0,2098770615.91
2021-10-14,65.33,64.05,65.7,62.85,35611838.0,2270189794.0
2021-10-15,64.59,67.15,67.62,62.9,48280974.0,3165960044.0
2021-10-18,66.63,66.98,68.26,63.59,46572712.0,3058822317.0
2021-10-19,66.85,68.99,69.31,66.58,43919431.0,3001236470.0
2021-10-20,67.97,70.14,72.97,67.22,40134945.0,2829083147.0
2021-10-21,70.54,67.86,70.54,65.58,47908685.0,3223940397.46
2021-10-22,66.58,66.08,68.0,65.18,26656990.0,1768853176.7
2021-10-25,66.82,72.49,72.54,66.39,60669022.0,4256241025.35
2021-10-26,74.52,74.42,76.58,73.03,41095132.0,3077792793.18
2021-10-27,76.52,80.53,81.87,75.02,69547803.0,5577315743.84
2021-10-28,82.65,81.07,84.71,80.48,41617190.0,3413024315.72
2021-10-29,81.45,81.94,83.4,78.99,53277204.0,4320365276.22
2021-11-01,82.47,76.02,82.47,75.7,48046175.0,3739655490.62
2021-11-02,77.01,75.52,77.01,74.08,29102705.0,2191500258.52
2021-11-03,74.41,73.43,75.26,71.48,29836635.0,2181648162.07
2021-11-04,74.58,72.79,76.44,71.84,37778244.0,2795472639.67
2021-11-05,74.02,73.52,76.24,72.62,32526411.0,2417441614.51
2021-11-08,71.54,76.65,78.09,70.65,44422581.0,3355480104.03
2021-11-09,76.76,76.12,77.37,73.53,32809515.0,2465310150.47
2021-11-10,75.01,72.55,75.03,68.9,49868814.0,3558826134.61
2021-11-11,71.59,72.08,72.78,70.3,29662067.0,2126726517.16
2021-11-12,71.56,71.89,72.78,70.62,25828028.0,1849243435.71
2021-11-15,71.05,67.07,71.1,66.08,48057225.0,3243404113.24
2021-11-16,66.82,65.5,67.56,64.94,32724051.0,2166588894.21
2021-11-17,66.48,66.4,68.11,65.88,31853193.0,2126390670.81
2021-11-18,66.57,65.73,66.9,64.29,32186696.0,2101023552.44
2021-11-19,66.07,63.39,66.18,62.92,46972088.0,3009870930.96
2021-11-22,64.09,67.03,67.24,64.09,55914669.0,3692349228.63
2021-11-23,67.04,67.76,67.84,65.08,43912835.0,2929690987.56
2021-11-24,67.72,65.09,68.43,64.69,42622058.0,2807596297.16
2021-11-25,65.43,65.33,65.58,63.6,22393198.0,1451156651.88
2021-11-26,64.98,66.55,68.12,64.86,33841752.0,2253899617.51
2021-11-29,64.62,67.97,68.81,64.24,38481214.0,2603525948.0
2021-11-30,68.32,67.07,68.81,66.79,26204426.0,1774198317.24
2021-12-01,67.07,67.8,68.31,65.86,26603808.0,1785351352.31
2021-12-02,67.67,67.27,68.1,66.46,20944358.0,1407698907.57
2021-12-03,67.07,66.51,67.74,65.86,21854096.0,1453308004.78
2021-12-06,66.34,65.38,67.6,65.08,27279072.0,1805112277.67
2021-12-07,65.58,62.3,65.83,61.4,45242614.0,2849973540.81
2021-12-08,63.13,65.18,66.67,63.11,50850576.0,3329748314.89
2021-12-09,64.96,63.35,65.09,63.0,41570591.0,2644166488.86
2021-12-10,62.85,64.39,64.91,62.6,48235690.0,3095405034.03
2021-12-13,64.6,61.85,64.98,61.85,50429009.0,3157157119.57
2021-12-14,61.55,61.98,62.55,60.67,37075841.0,2279220052.72
2021-12-15,62.39,61.51,62.93,61.27,30674471.0,1898291483.94
2021-12-16,61.78,61.95,62.29,60.86,24091823.0,1481710752.7
2021-12-17,61.72,60.59,62.1,60.59,20875144.0,1273881545.47
2021-12-20,60.41,58.68,60.55,57.78,33797611.0,1988434282.88
2021-12-21,58.68,59.12,60.44,58.62,21862332.0,1297851656.82
2021-12-22,59.78,59.55,60.57,59.49,21274961.0,1274736908.4
2021-12-23,60.12,58.48,60.36,58.29,21526522.0,1267421262.74
2021-12-24,58.97,56.17,59.12,55.05,33831686.0,1906440013.99
2021-12-27,57.19,56.07,57.23,55.15,22042915.0,1234073306.01
2021-12-28,56.24,58.57,58.85,55.74,32965630.0,1891561626.68
2021-12-29,58.48,58.62,59.44,57.23,24519321.0,1434718377.0
2021-12-30,58.65,57.81,59.42,57.74,17625900.0,1025771194.64
2021-12-31,58.13,56.96,59.04,56.84,27307138.0,1573618502.0
2022-01-04,58.39,55.35,58.62,55.0,41611558.0,2333429422.12
2022-01-05,54.6,52.01,54.64,51.74,39359904.0,2076011655.83
2022-01-06,51.69,52.07,52.57,51.12,25293511.0,1315549197.15
2022-01-07,51.94,52.39,53.3,51.13,31798296.0,1661822597.89
2022-01-10,52.3,51.39,52.6,50.68,29439656.0,1518902209.0
2022-01-11,51.6,50.18,52.48,49.73,28880412.0,1470932754.0
2022-01-12,51.42,52.27,52.46,51.07,34888828.0,1811630054.0
2022-01-13,52.27,51.15,52.37,51.02,20879433.0,1075472226.0
2022-01-14,50.44,52.33,52.96,50.44,25598156.0,1330325147.0
2022-01-17,51.77,52.95,53.68,51.67,28907150.0,1521597383.0
2022-01-18,52.17,49.36,52.17,48.57,77759626.0,3872694745.0
2022-01-19,49.43,47.31,49.54,46.85,48289571.0,2300675924.0
2022-01-20,47.31,47.57,48.09,46.87,32049872.0,1523949787.0
2022-01-21,47.09,48.52,49.51,46.89,29499581.0,1433417672.0
2022-01-24,48.19,50.18,51.0,47.78,28942460.0,1440770760.0
2022-01-25,50.19,49.12,51.12,49.01,21784213.0,1090420284.0
2022-01-26,49.12,48.73,50.11,48.19,15006999.0,735246266.0
2022-01-27,49.23,48.23,50.38,48.19,24845991.0,1226932717.0
2022-01-28,48.44,46.81,49.19,46.29,24488962.0,1162211600.0
2022-02-07,48.19,48.27,49.78,47.37,24161079.0,1170582876.0
2022-02-08,47.95,45.63,48.19,44.72,26228883.0,1198853822.0
2022-02-09,45.94,45.7,45.98,44.07,25596526.0,1154687460.0
2022-02-10,46.1,44.47,46.16,44.08,21051979.0,936420828.0
2022-02-11,44.12,43.22,45.21,43.09,31018398.0,1364062285.0
2022-02-14,43.07,43.32,44.09,42.73,22861585.0,989676265.0
2022-02-15,43.29,45.26,45.31,43.29,31535950.0,1406354690.0
2022-02-16,45.66,44.98,45.66,44.29,19350971.0,871069225.0
2022-02-17,44.98,48.15,49.19,44.57,47997522.0,2281384845.0
2022-02-18,48.13,46.7,48.2,46.5,30273992.0,1427079190.0
2022-02-21,46.89,46.77,47.44,46.14,22262664.0,1038191064.0
2022-02-22,46.5,47.19,47.62,45.86,28400677.0,1330261746.0
2022-02-23,47.07,49.51,50.26,46.96,43682766.0,2146490091.0
2022-02-24,49.19,49.97,51.4,48.84,51162556.0,2572155218.0
2022-02-25,50.78,50.48,51.43,50.05,30256777.0,1531705723.0
2022-02-28,50.67,52.76,53.06,50.18,42878547.0,2236878766.0
2022-03-01,53.41,52.31,53.78,51.41,39393112.0,2069547119.0
2022-03-02,51.79,49.5,52.1,48.93,42618699.0,2120131697.0
2022-03-03,49.43,49.52,49.99,48.48,27895249.0,1381882543.0
2022-03-04,47.78,46.95,49.1,46.7,36982197.0,1759426930.0
2022-03-07,46.75,44.42,46.75,44.17,32389299.0,1460798795.0
2022-03-08,44.45,44.27,45.62,42.86,33561743.0,1493215870.0
2022-03-09,44.52,43.5,44.8,41.24,31745893.0,1365027285.0
2022-03-10,47.44,47.85,47.85,46.11,27901440.0,1319342486.0
2022-03-11,47.6,49.14,49.43,46.95,58531525.0,2823083796.0
2022-03-14,47.99,47.58,48.69,47.54,27974080.0,1343193612.0
2022-03-15,47.55,47.74,50.36,46.7,39503767.0,1919405750.0
2022-03-16,49.42,50.24,50.68,48.08,48511764.0,2398390194.0
2022-03-17,52.17,52.09,53.89,51.17,52579700.0,2765530395.0
2022-03-18,51.62,51.11,52.64,50.34,23703783.0,1209142931.0
2022-03-21,51.42,52.05,53.2,50.68,24990470.0,1301535469.0
2022-03-22,53.2,51.41,53.2,50.71,29250868.0,1512840953.0
2022-03-23,51.84,50.44,52.02,49.88,26885698.0,1364989678.0
2022-03-24,50.43,50.18,50.68,48.61,24035637.0,1193973206.0
2022-03-25,50.28,48.08,50.51,47.89,24035368.0,1172285916.0
2022-03-28,47.1,46.55,48.45,45.99,24000423.0,1125823359.0
2022-03-29,47.44,47.69,48.87,46.75,26221828.0,1257771983.0
2022-03-30,47.97,49.27,49.66,47.21,26946664.0,1320309557.0
2022-03-31,48.87,46.7,48.91,46.61,26745871.0,1260180614.0
2022-04-01,46.26,47.7,48.88,46.18,26399649.0,1264792223.0
2022-04-06,48.69,45.75,48.69,45.16,28031747.0,1286377364.0
2022-04-07,45.46,45.49,46.36,44.8,19097888.0,868361013.0
2022-04-08,45.36,44.69,46.2,44.6,20444356.0,921142967.0
2022-04-11,44.08,42.45,44.08,42.23,26379882.0,1129540204.0
2022-04-12,42.23,42.83,43.13,41.73,24675982.0,1047402648.0
2022-04-13,42.82,41.87,43.62,41.82,29214845.0,1241785408.0
2022-04-14,42.53,41.89,43.22,41.66,27943518.0,1179083992.0
2022-04-15,42.32,40.52,42.43,39.83,48024117.0,1956621422.0
2022-04-18,40.24,40.96,41.44,38.87,34287218.0,1373817674.0
2022-04-19,41.23,41.34,42.13,40.97,27239643.0,1129807618.0
2022-04-20,41.65,39.25,41.68,39.2,28975668.0,1157066191.0
2022-04-21,38.97,38.09,39.7,37.96,26247997.0,1012638400.0
2022-04-22,37.37,36.76,38.08,36.74,24757548.0,920506360.0
2022-04-25,35.65,34.26,36.42,34.23,33185011.0,1172094296.0
2022-04-26,34.45,33.29,34.68,33.11,27321478.0,925201635.0
2022-04-27,32.94,35.87,36.19,32.48,50228224.0,1734046809.0
2022-04-28,35.52,35.61,36.45,34.78,36149826.0,1287291342.0
2022-04-29,35.97,37.22,37.34,34.78,50679343.0,1833825231.0
2022-05-05,36.51,37.28,37.84,36.12,38290928.0,1418064508.0
2022-05-06,36.09,36.44,37.33,35.85,23519587.0,859351840.0
2022-05-09,36.71,36.58,37.39,36.36,20652957.0,759278959.0
2022-05-10,36.51,37.01,37.41,35.5,36319531.0,1336759510.0
2022-05-11,37.16,39.37,40.69,36.86,60945301.0,2390108089.0
2022-05-12,38.75,38.7,39.11,38.16,37308380.0,1442809516.0
2022-05-13,39.0,38.28,39.2,38.12,29955978.0,1151079009.0
2022-05-16,38.6,37.48,39.0,37.4,28443401.0,1080402412.0
2022-05-17,37.5,38.86,39.37,37.01,44129350.0,1695851712.0
2022-05-18,38.86,40.76,42.3,38.61,58329790.0,2360725486.0
2022-05-19,39.95,41.35,41.42,39.6,47326066.0,1924421653.0
2022-05-20,41.6,41.1,41.9,40.61,41354667.0,1698816257.0
2022-05-23,41.15,41.1,41.38,40.3,30762677.0,1257304133.0
2022-05-24,41.09,38.86,41.09,38.75,39701655.0,1585245425.0
2022-05-25,38.71,38.23,39.4,37.89,33636691.0,1290758283.0
2022-05-26,38.61,37.86,38.73,37.5,30236716.0,1149875631.0
2022-05-27,38.19,37.71,38.97,37.4,29578007.0,1130096531.0
2022-05-30,38.03,37.91,38.6,37.4,28809612.0,1092750751.0
2022-05-31,37.89,38.05,38.23,36.26,53289136.0,1979652347.0
2022-06-01,38.05,40.05,40.13,36.8,72556180.0,2790937124.0
2022-06-02,40.02,41.44,41.58,39.31,82949359.0,3400664580.0
2022-06-06,42.0,45.58,45.58,41.9,66162714.0,2939577848.0
2022-06-07,47.3,44.68,47.48,44.04,110340295.0,5038471263.0
2022-06-08,44.0,44.25,44.96,42.78,75744566.0,3332774424.0
2022-06-09,43.41,42.86,44.2,42.53,44304160.0,1917746280.0
2022-06-10,43.93,46.6,47.12,43.51,95484737.0,4341489550.0
2022-06-13,45.7,49.86,50.84,45.47,106858698.0,5139180635.0
2022-06-14,48.99,53.16,53.64,48.5,111847812.0,5755737673.0
2022-06-15,53.64,51.45,54.82,51.4,87530972.0,4584680809.0
2022-06-16,51.3,53.44,54.15,51.27,77570560.0,4115432947.0
2022-06-17,52.75,57.68,58.7,52.0,95541015.0,5324718554.0
2022-06-20,57.76,58.98,62.35,57.0,99044896.0,5904072196.0
2022-06-21,58.36,57.57,59.78,56.1,91670656.0,5292074338.0
2022-06-22,57.98,60.57,61.35,57.98,90100391.0,5391456100.0
2022-06-23,61.0,60.88,61.5,58.0,85423699.0,5104661012.0
2022-06-24,60.59,62.89,64.4,59.0,82091780.0,5063889797.0
2022-06-27,63.24,62.24,65.42,62.18,77504311.0,4931183374.0
2022-06-28,63.5,65.95,66.36,62.8,82627595.0,5344429283.0
2022-06-29,65.0,61.98,65.8,61.9,80258243.0,5099326354.0
2022-06-30,61.88,62.06,64.38,61.6,58173427.0,3650245262.0
2022-07-01,61.5,62.78,63.2,60.0,61932786.0,3823760121.0
2022-07-04,62.08,66.0,66.83,62.08,75467567.0,4925736522.0
2022-07-05,66.73,66.75,67.88,64.6,60155335.0,3976293659.0
2022-07-06,66.19,64.66,66.19,63.3,50068004.0,3239177465.0
2022-07-07,64.0,65.11,66.85,62.43,55645418.0,3601219702.0
2022-07-08,65.51,62.51,65.95,62.51,45470822.0,2895372373.0
2022-07-11,62.11,61.12,63.39,60.0,51498625.0,3139746370.0
2022-07-12,61.11,58.01,61.65,56.72,72472283.0,4247186287.0
2022-07-13,59.0,60.65,61.0,57.65,58974360.0,3499590839.0
2022-07-14,59.99,60.47,62.0,59.22,49695627.0,3017609670.0
2022-07-15,60.7,59.1,61.85,59.07,43632728.0,2638868195.0
2022-07-18,60.29,59.06,60.68,58.22,42158804.0,2498563432.0
2022-07-19,59.07,58.12,59.45,57.58,39939998.0,2326329843.0
2022-07-20,58.51,57.48,58.8,57.1,35434741.0,2043725146.0
2022-07-21,57.1,56.09,57.89,56.09,34259957.0,1947965923.0
2022-07-22,56.6,55.31,56.88,54.31,38911828.0,2153328291.0
2022-07-25,55.31,54.56,56.36,54.27,31838030.0,1756622879.0
2022-07-26,54.38,55.07,56.21,53.78,36020366.0,1988339007.0
2022-07-27,55.07,55.47,56.0,54.44,29464506.0,1628971816.0
2022-07-28,55.55,53.88,55.96,53.27,41416433.0,2243565686.0
2022-07-29,53.85,52.38,54.5,52.36,36050052.0,1913330582.0
2022-08-01,52.0,55.0,55.0,51.97,50416167.0,2723121773.0
2022-08-02,54.0,53.25,55.25,52.84,44397058.0,2389712560.0
2022-08-03,54.01,51.57,54.33,51.4,41855637.0,2205387861.0
2022-08-04,51.86,51.79,52.88,50.83,32365874.0,1673877531.0
2022-08-05,51.99,52.66,52.7,51.12,31786828.0,1652372867.0
2022-08-08,52.01,52.33,52.97,51.75,23737967.0,1243751165.0
2022-08-09,52.3,54.02,54.98,51.38,52925109.0,2849427369.0
2022-08-10,53.99,52.48,54.28,52.1,37277259.0,1974373968.0
2022-08-11,52.54,56.2,56.46,51.51,70208810.0,3826482221.0
